acc_no,LFMScore,L_quartile,F_quartile,M_quartile,tnse-x,tnse-y
ODI0000034,444,4,4,4,282.16153,-23.804598
ODI0000059,441,4,4,1,139.03491,-285.44257
ODI0000067,444,4,4,4,259.0537,-27.004026
ODI0000068,434,4,3,4,141.50668,-0.824704
ODI0000072,443,4,4,3,239.11305,-191.50095
ODI0000080,411,4,1,1,-44.94348,-340.73947
ODI0000082,424,4,2,4,105.75534,-55.082027
ODI0000083,411,4,1,1,-44.94348,-340.73947
ODI0000084,111,1,1,1,-229.23187,34.217587
ODI0000086,422,4,2,2,-17.01325,-247.52617
ODI0000089,411,4,1,1,-44.94348,-340.73947
ODI0000090,111,1,1,1,-229.23187,34.217587
ODI0000091,111,1,1,1,-229.23187,34.217587
ODI0000092,442,4,4,2,171.20734,-283.82797
ODI0000097,444,4,4,4,265.3144,8.532092
ODI0000099,211,2,1,1,-252.56921,-160.75787
ODI0000103,211,2,1,1,-217.21759,-166.33498
ODI0000104,111,1,1,1,-229.23187,34.217587
ODI0000128,431,4,3,1,52.965744,-315.00372
ODI0000129,311,3,1,1,-172.9862,-284.89908
ODI0000130,422,4,2,2,-17.01325,-247.52617
ODI0000134,323,3,2,3,40.33174,-3.3384612
ODI0000135,444,4,4,4,265.3144,8.532092
ODI0000140,443,4,4,3,235.58096,-224.55725
ODI0000146,411,4,1,1,-44.94348,-340.73947
ODI0000147,444,4,4,4,265.3144,8.532092
ODI0000151,444,4,4,4,265.3144,8.532092
ODI0000162,412,4,1,2,-5.423209,-184.72424
ODI0000164,334,3,3,4,166.10327,99.62058
ODI0000166,332,3,3,2,85.47321,-198.9111
ODI0000173,444,4,4,4,265.3144,8.532092
ODI0000177,413,4,1,3,54.660152,-124.89806
ODI0000183,434,4,3,4,141.50668,-0.824704
ODI0000184,211,2,1,1,-217.21759,-166.33498
ODI0000186,212,2,1,2,-284.4847,158.05867
ODI0000198,111,1,1,1,-229.23187,34.217587
ODI0000201,412,4,1,2,-19.945923,-170.04884
ODI0000202,444,4,4,4,265.3144,8.532092
ODI0000218,444,4,4,4,265.3144,8.532092
ODI0000227,112,1,1,2,-101.83811,316.24716
ODI0000232,412,4,1,2,-19.945923,-170.04884
ODI0000234,411,4,1,1,-44.94348,-340.73947
ODI0000235,211,2,1,1,-252.56921,-160.75787
ODI0000241,442,4,4,2,171.20734,-283.82797
ODI0000247,443,4,4,3,239.11305,-191.50095
ODI0000251,444,4,4,4,315.8195,7.690898
ODI0000253,434,4,3,4,159.69237,-17.420765
ODI0000254,233,2,3,3,168.21677,251.87663
ODI0000256,443,4,4,3,235.58096,-224.55725
ODI0000257,444,4,4,4,315.8195,7.690898
ODI0000259,434,4,3,4,159.69237,-17.420765
ODI0000267,444,4,4,4,265.3144,8.532092
ODI0000269,442,4,4,2,171.20734,-283.82797
ODI0000270,444,4,4,4,315.8195,7.690898
ODI0000271,232,2,3,2,-42.63336,12.613205
ODI0000273,433,4,3,3,179.61162,-96.4065
ODI0000276,424,4,2,4,115.080414,-68.12334
ODI0000277,444,4,4,4,265.3144,8.532092
ODI0000280,111,1,1,1,-229.23187,34.217587
ODI0000284,344,3,4,4,272.4168,177.68883
ODI0000288,424,4,2,4,105.75534,-55.082027
ODI0000289,414,4,1,4,59.457508,-83.48245
ODI0000291,111,1,1,1,-229.23187,34.217587
ODI0000293,444,4,4,4,265.3144,8.532092
ODI0000299,444,4,4,4,265.3144,8.532092
ODI0000300,232,2,3,2,-42.63336,12.613205
ODI0000303,433,4,3,3,179.61162,-96.4065
ODI0000321,444,4,4,4,315.8195,7.690898
ODI0000324,422,4,2,2,-29.38521,-236.74701
ODI0000325,332,3,3,2,85.47321,-198.9111
ODI0000329,411,4,1,1,-44.94348,-340.73947
ODI0000337,443,4,4,3,235.58096,-224.55725
ODI0000339,233,2,3,3,168.21677,251.87663
ODI0000348,434,4,3,4,141.50668,-0.824704
ODI0000351,444,4,4,4,265.3144,8.532092
ODI0000356,444,4,4,4,265.3144,8.532092
ODI0000368,444,4,4,4,265.3144,8.532092
ODI0000376,434,4,3,4,141.50668,-0.824704
ODI0000381,121,1,2,1,-121.7291,98.9458
ODI0000388,431,4,3,1,52.965744,-315.00372
ODI0000392,443,4,4,3,239.11305,-191.50095
ODI0000403,434,4,3,4,141.50668,-0.824704
ODI0000415,444,4,4,4,265.3144,8.532092
ODI0000427,412,4,1,2,-0.29719374,-165.36661
ODI0000436,444,4,4,4,265.3144,8.532092
ODI0000437,334,3,3,4,154.04494,132.22963
ODI0000438,233,2,3,3,168.21677,251.87663
ODI0000439,424,4,2,4,105.75534,-55.082027
ODI0000444,424,4,2,4,115.080414,-68.12334
ODI0000455,443,4,4,3,239.11305,-191.50095
ODI0000461,444,4,4,4,265.3144,8.532092
ODI0000474,333,3,3,3,51.067223,102.91251
ODI0000475,431,4,3,1,55.265606,-301.87427
ODI0000479,424,4,2,4,105.75534,-55.082027
ODI0000480,442,4,4,2,171.20734,-283.82797
ODI0000484,444,4,4,4,315.8195,7.690898
ODI0000485,444,4,4,4,265.3144,8.532092
ODI0000486,444,4,4,4,265.3144,8.532092
ODI0000489,443,4,4,3,208.77785,-205.02518
ODI0000493,444,4,4,4,265.3144,8.532092
ODI0000501,432,4,3,2,105.869385,-335.08673
ODI0000506,442,4,4,2,171.20734,-283.82797
ODI0000508,424,4,2,4,115.080414,-68.12334
ODI0000521,111,1,1,1,-229.23187,34.217587
ODI0000524,434,4,3,4,141.50668,-0.824704
ODI0000525,444,4,4,4,265.3144,8.532092
ODI0000528,444,4,4,4,265.3144,8.532092
ODI0000529,211,2,1,1,-217.21759,-166.33498
ODI0000537,412,4,1,2,-5.423209,-184.72424
ODI0000546,444,4,4,4,265.3144,8.532092
ODI0000557,414,4,1,4,74.46575,-85.587166
ODI0000572,432,4,3,2,105.869385,-335.08673
ODI0000573,433,4,3,3,182.97694,-119.44769
ODI0000591,433,4,3,3,182.97694,-119.44769
ODI0000598,112,1,1,2,-101.83811,316.24716
ODI0000611,444,4,4,4,265.3144,8.532092
ODI0000623,444,4,4,4,265.3144,8.532092
ODI0000625,444,4,4,4,265.3144,8.532092
ODI0000630,444,4,4,4,265.3144,8.532092
ODI0000634,344,3,4,4,272.4168,177.68883
ODI0000647,421,4,2,1,3.9918177,-297.87173
ODI0000682,412,4,1,2,-5.423209,-184.72424
ODI0000684,433,4,3,3,179.61162,-96.4065
ODI0000690,411,4,1,1,-44.94348,-340.73947
ODI0000712,444,4,4,4,315.8195,7.690898
ODI0000714,311,3,1,1,-172.9862,-284.89908
ODI0000716,434,4,3,4,141.50668,-0.824704
ODI0000726,111,1,1,1,-229.23187,34.217587
ODI0000730,341,3,4,1,114.0154,-269.1281
ODI0000738,411,4,1,1,-44.94348,-340.73947
ODI0000739,444,4,4,4,265.3144,8.532092
ODI0000744,434,4,3,4,141.50668,-0.824704
ODI0000755,212,2,1,2,-284.4847,158.05867
ODI0000757,444,4,4,4,265.3144,8.532092
ODI0000759,412,4,1,2,-19.945923,-170.04884
ODI0000760,433,4,3,3,179.61162,-96.4065
ODI0000763,221,2,2,1,-144.23131,-165.94301
ODI0000765,443,4,4,3,235.58096,-224.55725
ODI0000768,443,4,4,3,239.11305,-191.50095
ODI0000770,412,4,1,2,-19.945923,-170.04884
ODI0000799,411,4,1,1,-44.94348,-340.73947
ODI0000806,111,1,1,1,-229.23187,34.217587
ODI0000811,443,4,4,3,239.11305,-191.50095
ODI0000818,414,4,1,4,59.457508,-83.48245
ODI0000819,332,3,3,2,92.529686,-227.03438
ODI0000823,412,4,1,2,-19.945923,-170.04884
ODI0000827,423,4,2,3,114.44728,-121.15722
ODI0000830,224,2,2,4,-62.657364,231.57635
ODI0000831,414,4,1,4,74.46575,-85.587166
ODI0000834,311,3,1,1,-172.9862,-284.89908
ODI0000838,421,4,2,1,3.9918177,-297.87173
ODI0000840,443,4,4,3,239.11305,-191.50095
ODI0000846,444,4,4,4,265.3144,8.532092
ODI0000849,444,4,4,4,265.3144,8.532092
ODI0000857,413,4,1,3,54.660152,-124.89806
ODI0000862,344,3,4,4,289.2381,156.82634
ODI0000864,322,3,2,2,-94.918594,-226.47281
ODI0000881,234,2,3,4,47.993073,270.82135
ODI0000901,334,3,3,4,154.04494,132.22963
ODI0000907,442,4,4,2,171.20734,-283.82797
ODI0000910,433,4,3,3,179.61162,-96.4065
ODI0000928,434,4,3,4,141.50668,-0.824704
ODI0000929,442,4,4,2,171.20734,-283.82797
ODI0000930,442,4,4,2,171.20734,-283.82797
ODI0000933,211,2,1,1,-252.56921,-160.75787
ODI0000944,124,1,2,4,-97.71254,223.49132
ODI0000948,444,4,4,4,265.3144,8.532092
ODI0000960,344,3,4,4,272.4168,177.68883
ODI0000970,434,4,3,4,159.69237,-17.420765
ODI0000976,111,1,1,1,-229.23187,34.217587
ODI0000977,414,4,1,4,74.46575,-85.587166
ODI0000981,442,4,4,2,171.20734,-283.82797
ODI0000986,211,2,1,1,-252.56921,-160.75787
ODI0000990,414,4,1,4,74.46575,-85.587166
ODI0000994,444,4,4,4,265.3144,8.532092
ODI0000996,423,4,2,3,114.44728,-121.15722
ODI0001001,444,4,4,4,265.3144,8.532092
ODI0001008,231,2,3,1,-57.65991,-39.916584
ODI0001020,333,3,3,3,50.816807,67.34199
ODI0001022,122,1,2,2,-78.33722,110.639915
ODI0001032,444,4,4,4,265.3144,8.532092
ODI0001034,211,2,1,1,-252.56921,-160.75787
ODI0001040,443,4,4,3,208.77785,-205.02518
ODI0001048,112,1,1,2,-73.857346,328.01773
ODI0001049,433,4,3,3,179.61162,-96.4065
ODI0001057,444,4,4,4,265.3144,8.532092
ODI0001058,414,4,1,4,74.46575,-85.587166
ODI0001064,431,4,3,1,52.965744,-315.00372
ODI0001078,111,1,1,1,-229.23187,34.217587
ODI0001085,221,2,2,1,-144.23131,-165.94301
ODI0001087,444,4,4,4,265.3144,8.532092
ODI0001097,444,4,4,4,315.8195,7.690898
ODI0001107,412,4,1,2,-19.945923,-170.04884
ODI0001109,222,2,2,2,-75.025314,-120.78509
ODI0001110,432,4,3,2,93.833954,-350.33798
ODI0001116,444,4,4,4,265.3144,8.532092
ODI0001117,111,1,1,1,-229.23187,34.217587
ODI0001120,444,4,4,4,265.3144,8.532092
ODI0001122,443,4,4,3,208.77785,-205.02518
ODI0001123,233,2,3,3,168.21677,251.87663
ODI0001128,434,4,3,4,159.69237,-17.420765
ODI0001134,212,2,1,2,-284.4847,158.05867
ODI0001143,444,4,4,4,315.8195,7.690898
ODI0001150,413,4,1,3,54.660152,-124.89806
ODI0001152,111,1,1,1,-229.23187,34.217587
ODI0001154,223,2,2,3,-169.71495,149.08568
ODI0001158,433,4,3,3,198.29791,-83.23863
ODI0001163,412,4,1,2,-19.945923,-170.04884
ODI0001168,331,3,3,1,76.797585,-270.1501
ODI0001176,412,4,1,2,-19.945923,-170.04884
ODI0001177,234,2,3,4,47.993073,270.82135
ODI0001198,444,4,4,4,265.3144,8.532092
ODI0001199,444,4,4,4,265.3144,8.532092
ODI0001200,343,3,4,3,295.50116,-112.72848
ODI0001203,222,2,2,2,-123.262505,-107.30587
ODI0001207,431,4,3,1,52.965744,-315.00372
ODI0001217,444,4,4,4,265.3144,8.532092
ODI0001219,444,4,4,4,265.3144,8.532092
ODI0001226,444,4,4,4,265.3144,8.532092
ODI0001235,412,4,1,2,-19.945923,-170.04884
ODI0001241,432,4,3,2,86.09732,-335.27298
ODI0001253,443,4,4,3,208.77785,-205.02518
ODI0001254,444,4,4,4,265.3144,8.532092
ODI0001280,114,1,1,4,-142.92032,233.13063
ODI0001283,221,2,2,1,-144.23131,-165.94301
ODI0001296,444,4,4,4,315.8195,7.690898
ODI0001297,413,4,1,3,54.660152,-124.89806
ODI0001308,443,4,4,3,208.77785,-205.02518
ODI0001311,433,4,3,3,179.61162,-96.4065
ODI0001318,343,3,4,3,314.44803,-117.250626
ODI0001342,443,4,4,3,208.77785,-205.02518
ODI0001343,223,2,2,3,-153.63026,145.11575
ODI0001349,414,4,1,4,59.457508,-83.48245
ODI0001356,434,4,3,4,141.50668,-0.824704
ODI0001359,413,4,1,3,54.660152,-124.89806
ODI0001377,443,4,4,3,235.58096,-224.55725
ODI0001379,433,4,3,3,179.61162,-96.4065
ODI0001396,323,3,2,3,40.33174,-3.3384612
ODI0001401,433,4,3,3,201.85106,-105.20279
ODI0001403,431,4,3,1,55.265606,-301.87427
ODI0001415,423,4,2,3,114.44728,-121.15722
ODI0001417,412,4,1,2,-24.512884,-188.98637
ODI0001418,444,4,4,4,265.3144,8.532092
ODI0001422,443,4,4,3,235.58096,-224.55725
ODI0001432,443,4,4,3,235.58096,-224.55725
ODI0001439,433,4,3,3,179.61162,-96.4065
ODI0001443,444,4,4,4,265.3144,8.532092
ODI0001446,444,4,4,4,315.8195,7.690898
ODI0001447,233,2,3,3,168.21677,251.87663
ODI0001448,434,4,3,4,141.50668,-0.824704
ODI0001452,414,4,1,4,59.457508,-83.48245
ODI0001456,122,1,2,2,-78.33722,110.639915
ODI0001464,412,4,1,2,-0.29719374,-165.36661
ODI0001473,444,4,4,4,265.3144,8.532092
ODI0001481,443,4,4,3,235.58096,-224.55725
ODI0001483,444,4,4,4,265.3144,8.532092
ODI0001486,334,3,3,4,154.04494,132.22963
ODI0001496,334,3,3,4,154.04494,132.22963
ODI0001499,334,3,3,4,154.04494,132.22963
ODI0001502,334,3,3,4,154.04494,132.22963
ODI0001520,234,2,3,4,47.993073,270.82135
ODI0001526,422,4,2,2,-32.631214,-252.71754
ODI0001529,411,4,1,1,-44.94348,-340.73947
ODI0001554,411,4,1,1,-44.94348,-340.73947
ODI0001555,211,2,1,1,-217.21759,-166.33498
ODI0001556,111,1,1,1,-231.16296,-2.1843967
ODI0001560,422,4,2,2,-17.01325,-247.52617
ODI0001566,333,3,3,3,51.067223,102.91251
ODI0001577,212,2,1,2,-300.89374,139.39482
ODI0001578,231,2,3,1,-57.65991,-39.916584
ODI0001580,332,3,3,2,85.47321,-198.9111
ODI0001586,111,1,1,1,-231.16296,-2.1843967
ODI0001587,332,3,3,2,85.47321,-198.9111
ODI0001594,112,1,1,2,-101.83811,316.24716
ODI0001597,444,4,4,4,265.3144,8.532092
ODI0001601,424,4,2,4,115.080414,-68.12334
ODI0001639,411,4,1,1,-44.94348,-340.73947
ODI0001642,412,4,1,2,-0.29719374,-165.36661
ODI0001644,424,4,2,4,115.080414,-68.12334
ODI0001646,432,4,3,2,105.869385,-335.08673
ODI0001648,443,4,4,3,235.58096,-224.55725
ODI0001670,112,1,1,2,-101.83811,316.24716
ODI0001675,443,4,4,3,235.58096,-224.55725
ODI0001688,311,3,1,1,-172.9862,-284.89908
ODI0001695,212,2,1,2,-284.4847,158.05867
ODI0001710,431,4,3,1,55.265606,-301.87427
ODI0001729,311,3,1,1,-172.9862,-284.89908
ODI0001757,412,4,1,2,-5.423209,-184.72424
ODI0001772,411,4,1,1,-44.94348,-340.73947
ODI0001792,121,1,2,1,-121.7291,98.9458
ODI0001802,233,2,3,3,168.21677,251.87663
ODI0001813,433,4,3,3,201.85106,-105.20279
ODI0001819,411,4,1,1,-44.94348,-340.73947
ODI0001822,433,4,3,3,201.85106,-105.20279
ODI0001823,433,4,3,3,179.61162,-96.4065
ODI0001834,411,4,1,1,-44.94348,-340.73947
ODI0001848,421,4,2,1,3.9918177,-297.87173
ODI0001877,444,4,4,4,265.3144,8.532092
ODI0001882,312,3,1,2,-0.43605173,-87.62816
ODI0001883,432,4,3,2,105.869385,-335.08673
ODI0001906,422,4,2,2,-32.631214,-252.71754
ODI0001909,111,1,1,1,-231.16296,-2.1843967
ODI0001911,211,2,1,1,-217.21759,-166.33498
ODI0001914,432,4,3,2,105.869385,-335.08673
ODI0001921,111,1,1,1,-231.16296,-2.1843967
ODI0001936,111,1,1,1,-231.16296,-2.1843967
ODI0001938,433,4,3,3,201.85106,-105.20279
ODI0001945,443,4,4,3,208.77785,-205.02518
ODI0001946,211,2,1,1,-217.21759,-166.33498
ODI0001947,411,4,1,1,-44.94348,-340.73947
ODI0001954,211,2,1,1,-217.21759,-166.33498
ODI0001972,432,4,3,2,105.869385,-335.08673
ODI0001973,444,4,4,4,315.8195,7.690898
ODI0001976,332,3,3,2,109.00141,-186.61185
ODI0001989,333,3,3,3,50.816807,67.34199
ODI0002004,422,4,2,2,-17.01325,-247.52617
ODI0002010,411,4,1,1,-44.94348,-340.73947
ODI0002012,414,4,1,4,74.46575,-85.587166
ODI0002014,434,4,3,4,141.50668,-0.824704
ODI0002016,423,4,2,3,114.44728,-121.15722
ODI0002030,444,4,4,4,265.3144,8.532092
ODI0002037,443,4,4,3,208.77785,-205.02518
ODI0002063,334,3,3,4,166.10327,99.62058
ODI0002066,434,4,3,4,141.50668,-0.824704
ODI0002070,411,4,1,1,-44.94348,-340.73947
ODI0002074,443,4,4,3,208.77785,-205.02518
ODI0002091,422,4,2,2,-17.01325,-247.52617
ODI0002095,444,4,4,4,265.3144,8.532092
ODI0002100,434,4,3,4,141.50668,-0.824704
ODI0002104,443,4,4,3,208.77785,-205.02518
ODI0002106,333,3,3,3,50.816807,67.34199
ODI0002107,123,1,2,3,5.2905726,172.8351
ODI0002108,422,4,2,2,-32.631214,-252.71754
ODI0002111,211,2,1,1,-217.21759,-166.33498
ODI0002112,111,1,1,1,-231.16296,-2.1843967
ODI0002115,323,3,2,3,40.33174,-3.3384612
ODI0002126,432,4,3,2,105.869385,-335.08673
ODI0002137,332,3,3,2,92.529686,-227.03438
ODI0002150,112,1,1,2,-101.83811,316.24716
ODI0002153,332,3,3,2,92.529686,-227.03438
ODI0002157,444,4,4,4,265.3144,8.532092
ODI0002172,341,3,4,1,114.0154,-269.1281
ODI0002174,444,4,4,4,265.3144,8.532092
ODI0002187,444,4,4,4,265.3144,8.532092
ODI0002189,443,4,4,3,235.58096,-224.55725
ODI0002199,433,4,3,3,182.97694,-119.44769
ODI0002210,212,2,1,2,-284.4847,158.05867
ODI0002217,444,4,4,4,265.3144,8.532092
ODI0002225,444,4,4,4,265.3144,8.532092
ODI0002251,233,2,3,3,168.21677,251.87663
ODI0002263,311,3,1,1,-172.9862,-284.89908
ODI0002285,211,2,1,1,-217.21759,-166.33498
ODI0002286,444,4,4,4,265.3144,8.532092
ODI0002292,432,4,3,2,105.869385,-335.08673
ODI0002302,443,4,4,3,235.58096,-224.55725
ODI0002315,111,1,1,1,-231.16296,-2.1843967
ODI0002316,221,2,2,1,-144.23131,-165.94301
ODI0002317,431,4,3,1,52.965744,-315.00372
ODI0002335,412,4,1,2,-5.423209,-184.72424
ODI0002355,423,4,2,3,114.44728,-121.15722
ODI0002362,211,2,1,1,-217.21759,-166.33498
ODI0002370,443,4,4,3,235.58096,-224.55725
ODI0002371,123,1,2,3,5.2905726,172.8351
ODI0002374,222,2,2,2,-123.84107,-83.56258
ODI0002390,412,4,1,2,-5.423209,-184.72424
ODI0002391,411,4,1,1,-44.94348,-340.73947
ODI0002392,444,4,4,4,265.3144,8.532092
ODI0002396,443,4,4,3,235.58096,-224.55725
ODI0002398,332,3,3,2,66.527054,-220.65778
ODI0002411,432,4,3,2,105.869385,-335.08673
ODI0002421,323,3,2,3,40.33174,-3.3384612
ODI0002428,444,4,4,4,315.8195,7.690898
ODI0002441,232,2,3,2,-42.63336,12.613205
ODI0002443,433,4,3,3,179.61162,-96.4065
ODI0002458,411,4,1,1,-44.94348,-340.73947
ODI0002461,434,4,3,4,141.50668,-0.824704
ODI0002467,211,2,1,1,-252.56921,-160.75787
ODI0002468,311,3,1,1,-172.9862,-284.89908
ODI0002473,444,4,4,4,265.3144,8.532092
ODI0002479,211,2,1,1,-252.56921,-160.75787
ODI0002498,444,4,4,4,265.3144,8.532092
ODI0002501,411,4,1,1,-44.94348,-340.73947
ODI0002511,412,4,1,2,-5.423209,-184.72424
ODI0002515,444,4,4,4,265.3144,8.532092
ODI0002516,411,4,1,1,-44.94348,-340.73947
ODI0002520,411,4,1,1,-44.94348,-340.73947
ODI0002535,111,1,1,1,-231.16296,-2.1843967
ODI0002542,443,4,4,3,235.58096,-224.55725
ODI0002551,421,4,2,1,3.9918177,-297.87173
ODI0002556,411,4,1,1,-44.94348,-340.73947
ODI0002558,334,3,3,4,166.10327,99.62058
ODI0002561,312,3,1,2,-14.770041,-103.28071
ODI0002563,332,3,3,2,110.61879,-210.54597
ODI0002566,432,4,3,2,105.869385,-335.08673
ODI0002567,444,4,4,4,265.3144,8.532092
ODI0002572,434,4,3,4,141.50668,-0.824704
ODI0002577,444,4,4,4,265.3144,8.532092
ODI0002579,312,3,1,2,-0.43605173,-87.62816
ODI0002592,343,3,4,3,295.50116,-112.72848
ODI0002607,211,2,1,1,-252.56921,-160.75787
ODI0002631,211,2,1,1,-252.56921,-160.75787
ODI0002633,314,3,1,4,61.85194,-47.894707
ODI0002637,444,4,4,4,265.3144,8.532092
ODI0002640,334,3,3,4,166.10327,99.62058
ODI0002644,432,4,3,2,105.869385,-335.08673
ODI0002646,442,4,4,2,171.20734,-283.82797
ODI0002654,443,4,4,3,235.58096,-224.55725
ODI0002655,443,4,4,3,239.11305,-191.50095
ODI0002667,211,2,1,1,-252.56921,-160.75787
ODI0002672,443,4,4,3,239.11305,-191.50095
ODI0002673,433,4,3,3,182.97694,-119.44769
ODI0002674,223,2,2,3,-162.06885,133.51064
ODI0002688,444,4,4,4,265.3144,8.532092
ODI0002693,414,4,1,4,74.46575,-85.587166
ODI0002707,433,4,3,3,179.61162,-96.4065
ODI0002708,434,4,3,4,141.50668,-0.824704
ODI0002715,111,1,1,1,-231.16296,-2.1843967
ODI0002718,111,1,1,1,-231.16296,-2.1843967
ODI0002731,443,4,4,3,239.11305,-191.50095
ODI0002739,311,3,1,1,-172.9862,-284.89908
ODI0002746,111,1,1,1,-231.16296,-2.1843967
ODI0002756,444,4,4,4,265.3144,8.532092
ODI0002760,434,4,3,4,141.50668,-0.824704
ODI0002769,433,4,3,3,201.85106,-105.20279
ODI0002784,311,3,1,1,-172.9862,-284.89908
ODI0002786,111,1,1,1,-231.16296,-2.1843967
ODI0002787,332,3,3,2,109.00141,-186.61185
ODI0002791,444,4,4,4,265.3144,8.532092
ODI0002794,334,3,3,4,166.10327,99.62058
ODI0002807,443,4,4,3,239.11305,-191.50095
ODI0002820,444,4,4,4,265.3144,8.532092
ODI0002824,443,4,4,3,239.11305,-191.50095
ODI0002827,443,4,4,3,239.11305,-191.50095
ODI0002830,111,1,1,1,-231.16296,-2.1843967
ODI0002837,111,1,1,1,-231.16296,-2.1843967
ODI0002850,344,3,4,4,289.2381,156.82634
ODI0002855,444,4,4,4,265.3144,8.532092
ODI0002857,211,2,1,1,-252.56921,-160.75787
ODI0002859,444,4,4,4,265.3144,8.532092
ODI0002870,111,1,1,1,-231.16296,-2.1843967
ODI0002934,311,3,1,1,-172.9862,-284.89908
ODI0002950,111,1,1,1,-231.16296,-2.1843967
ODI0002951,443,4,4,3,208.77785,-205.02518
ODI0002956,111,1,1,1,-231.16296,-2.1843967
ODI0002966,111,1,1,1,-231.16296,-2.1843967
ODI0002974,111,1,1,1,-231.16296,-2.1843967
ODI0002992,422,4,2,2,-17.01325,-247.52617
ODI0002995,422,4,2,2,-17.01325,-247.52617
ODI0003002,321,3,2,1,-109.59577,-278.70563
ODI0003005,211,2,1,1,-252.56921,-160.75787
ODI0003006,311,3,1,1,-172.9862,-284.89908
ODI0003014,344,3,4,4,289.2381,156.82634
ODI0003023,444,4,4,4,315.8195,7.690898
ODI0003031,111,1,1,1,-231.16296,-2.1843967
ODI0003034,411,4,1,1,-44.94348,-340.73947
ODI0003037,432,4,3,2,105.869385,-335.08673
ODI0003043,111,1,1,1,-231.16296,-2.1843967
ODI0003049,443,4,4,3,239.11305,-191.50095
ODI0003050,434,4,3,4,141.50668,-0.824704
ODI0003051,111,1,1,1,-231.16296,-2.1843967
ODI0003052,412,4,1,2,-19.945923,-170.04884
ODI0003069,233,2,3,3,153.9237,224.06474
ODI0003089,111,1,1,1,-231.16296,-2.1843967
ODI0003092,422,4,2,2,-17.01325,-247.52617
ODI0003096,244,2,4,4,81.86155,333.86258
ODI0003114,412,4,1,2,-19.945923,-170.04884
ODI0003131,443,4,4,3,235.58096,-224.55725
ODI0003142,443,4,4,3,235.58096,-224.55725
ODI0003177,211,2,1,1,-252.56921,-160.75787
ODI0003189,443,4,4,3,235.58096,-224.55725
ODI0003192,343,3,4,3,314.44803,-117.250626
ODI0003202,424,4,2,4,115.080414,-68.12334
ODI0003206,411,4,1,1,-44.94348,-340.73947
ODI0003214,443,4,4,3,235.58096,-224.55725
ODI0003222,423,4,2,3,112.8623,-109.05699
ODI0003225,443,4,4,3,235.58096,-224.55725
ODI0003244,343,3,4,3,314.44803,-117.250626
ODI0003247,212,2,1,2,-284.4847,158.05867
ODI0003249,332,3,3,2,85.47321,-198.9111
ODI0003251,432,4,3,2,93.833954,-350.33798
ODI0003263,233,2,3,3,168.21677,251.87663
ODI0003265,421,4,2,1,3.9918177,-297.87173
ODI0003278,444,4,4,4,265.3144,8.532092
ODI0003295,344,3,4,4,289.2381,156.82634
ODI0003311,333,3,3,3,51.067223,102.91251
ODI0003313,443,4,4,3,239.11305,-191.50095
ODI0003329,434,4,3,4,159.69237,-17.420765
ODI0003330,111,1,1,1,-231.16296,-2.1843967
ODI0003334,311,3,1,1,-172.9862,-284.89908
ODI0003336,123,1,2,3,5.2905726,172.8351
ODI0003338,111,1,1,1,-231.16296,-2.1843967
ODI0003348,322,3,2,2,-94.918594,-226.47281
ODI0003357,443,4,4,3,239.11305,-191.50095
ODI0003365,212,2,1,2,-284.4847,158.05867
ODI0003372,444,4,4,4,315.8195,7.690898
ODI0003413,314,3,1,4,51.42843,-54.060757
ODI0003433,343,3,4,3,295.50116,-112.72848
ODI0003435,222,2,2,2,-85.306175,-97.94593
ODI0003436,411,4,1,1,-44.94348,-340.73947
ODI0003439,332,3,3,2,110.61879,-210.54597
ODI0003449,111,1,1,1,-231.16296,-2.1843967
ODI0003457,222,2,2,2,-85.306175,-97.94593
ODI0003475,411,4,1,1,-44.94348,-340.73947
ODI0003482,343,3,4,3,314.44803,-117.250626
ODI0003483,434,4,3,4,159.69237,-17.420765
ODI0003484,111,1,1,1,-231.16296,-2.1843967
ODI0003491,312,3,1,2,-0.43605173,-87.62816
ODI0003506,444,4,4,4,265.3144,8.532092
ODI0003513,111,1,1,1,-231.16296,-2.1843967
ODI0003521,344,3,4,4,272.4168,177.68883
ODI0003531,444,4,4,4,265.3144,8.532092
ODI0003565,111,1,1,1,-231.16296,-2.1843967
ODI0003572,434,4,3,4,159.69237,-17.420765
ODI0003609,334,3,3,4,166.10327,99.62058
ODI0003630,111,1,1,1,-231.16296,-2.1843967
ODI0003634,212,2,1,2,-284.4847,158.05867
ODI0003664,334,3,3,4,166.10327,99.62058
ODI0003667,332,3,3,2,59.47946,-195.85101
ODI0003672,333,3,3,3,50.816807,67.34199
ODI0003675,434,4,3,4,159.69237,-17.420765
ODI0003710,224,2,2,4,-46.88347,231.80856
ODI0003744,334,3,3,4,166.10327,99.62058
ODI0003749,334,3,3,4,166.10327,99.62058
ODI0003751,413,4,1,3,54.660152,-124.89806
ODI0003776,433,4,3,3,179.61162,-96.4065
ODI0003785,233,2,3,3,168.21677,251.87663
ODI0003799,443,4,4,3,208.77785,-205.02518
ODI0003815,333,3,3,3,50.816807,67.34199
ODI0003831,422,4,2,2,-17.01325,-247.52617
ODI0003835,311,3,1,1,-172.9862,-284.89908
ODI0003842,122,1,2,2,-78.363365,139.38478
ODI0003843,111,1,1,1,-231.16296,-2.1843967
ODI0003846,433,4,3,3,198.29791,-83.23863
ODI0003853,311,3,1,1,-172.9862,-284.89908
ODI0003862,111,1,1,1,-231.16296,-2.1843967
ODI0003876,111,1,1,1,-231.16296,-2.1843967
ODI0003877,443,4,4,3,208.77785,-205.02518
ODI0003878,432,4,3,2,93.833954,-350.33798
ODI0003886,443,4,4,3,208.77785,-205.02518
ODI0003889,434,4,3,4,159.69237,-17.420765
ODI0003893,111,1,1,1,-231.16296,-2.1843967
ODI0003895,111,1,1,1,-231.16296,-2.1843967
ODI0003901,211,2,1,1,-252.56921,-160.75787
ODI0003902,111,1,1,1,-268.36334,8.3879
ODI0003917,232,2,3,2,-42.63336,12.613205
ODI0003929,433,4,3,3,179.61162,-96.4065
ODI0003935,433,4,3,3,182.97694,-119.44769
ODI0003941,444,4,4,4,315.8195,7.690898
ODI0003956,111,1,1,1,-231.16296,-2.1843967
ODI0003972,444,4,4,4,265.3144,8.532092
ODI0003973,211,2,1,1,-252.56921,-160.75787
ODI0003975,433,4,3,3,179.61162,-96.4065
ODI0003978,111,1,1,1,-231.16296,-2.1843967
ODI0003988,432,4,3,2,92.57315,-321.446
ODI0004005,344,3,4,4,289.2381,156.82634
ODI0004008,334,3,3,4,166.10327,99.62058
ODI0004013,232,2,3,2,-42.63336,12.613205
ODI0004021,442,4,4,2,171.20734,-283.82797
ODI0004044,211,2,1,1,-252.56921,-160.75787
ODI0004050,111,1,1,1,-231.16296,-2.1843967
ODI0004051,412,4,1,2,-19.945923,-170.04884
ODI0004067,311,3,1,1,-172.9862,-284.89908
ODI0004069,312,3,1,2,-17.61311,-76.56441
ODI0004070,122,1,2,2,-53.786865,124.70152
ODI0004092,333,3,3,3,50.816807,67.34199
ODI0004111,211,2,1,1,-252.56921,-160.75787
ODI0004124,443,4,4,3,208.77785,-205.02518
ODI0004131,411,4,1,1,-44.94348,-340.73947
ODI0004141,443,4,4,3,208.77785,-205.02518
ODI0004155,321,3,2,1,-98.98025,-281.3318
ODI0004163,121,1,2,1,-121.7291,98.9458
ODI0004182,334,3,3,4,166.10327,99.62058
ODI0004185,211,2,1,1,-252.56921,-160.75787
ODI0004200,311,3,1,1,-172.9862,-284.89908
ODI0004226,211,2,1,1,-252.56921,-160.75787
ODI0004251,333,3,3,3,50.816807,67.34199
ODI0004261,212,2,1,2,-284.4847,158.05867
ODI0004263,424,4,2,4,115.080414,-68.12334
ODI0004265,434,4,3,4,141.50668,-0.824704
ODI0004271,443,4,4,3,235.58096,-224.55725
ODI0004284,334,3,3,4,154.04494,132.22963
ODI0004292,444,4,4,4,265.3144,8.532092
ODI0004307,111,1,1,1,-231.16296,-2.1843967
ODI0004310,332,3,3,2,85.47321,-198.9111
ODI0004318,111,1,1,1,-182.24348,13.583644
ODI0004321,443,4,4,3,235.58096,-224.55725
ODI0004334,111,1,1,1,-231.16296,-2.1843967
ODI0004346,444,4,4,4,265.3144,8.532092
ODI0004355,111,1,1,1,-231.16296,-2.1843967
ODI0004360,444,4,4,4,315.8195,7.690898
ODI0004371,413,4,1,3,54.660152,-124.89806
ODI0004379,332,3,3,2,85.47321,-198.9111
ODI0004382,443,4,4,3,235.58096,-224.55725
ODI0004387,111,1,1,1,-231.16296,-2.1843967
ODI0004395,413,4,1,3,54.660152,-124.89806
ODI0004403,111,1,1,1,-231.16296,-2.1843967
ODI0004422,312,3,1,2,-0.43605173,-87.62816
ODI0004446,412,4,1,2,-24.512884,-188.98637
ODI0004461,434,4,3,4,141.50668,-0.824704
ODI0004464,322,3,2,2,-87.86268,-207.80869
ODI0004478,432,4,3,2,105.869385,-335.08673
ODI0004481,421,4,2,1,3.9918177,-297.87173
ODI0004486,443,4,4,3,235.58096,-224.55725
ODI0004487,124,1,2,4,-98.090515,210.31416
ODI0004498,431,4,3,1,55.265606,-301.87427
ODI0004505,443,4,4,3,235.58096,-224.55725
ODI0004519,111,1,1,1,-231.16296,-2.1843967
ODI0004529,333,3,3,3,51.067223,102.91251
ODI0004535,111,1,1,1,-231.16296,-2.1843967
ODI0004547,112,1,1,2,-101.83811,316.24716
ODI0004565,432,4,3,2,105.869385,-335.08673
ODI0004569,343,3,4,3,314.44803,-117.250626
ODI0004581,333,3,3,3,51.067223,102.91251
ODI0004583,322,3,2,2,-87.86268,-207.80869
ODI0004584,423,4,2,3,114.44728,-121.15722
ODI0004591,211,2,1,1,-217.21759,-166.33498
ODI0004600,411,4,1,1,-44.94348,-340.73947
ODI0004607,333,3,3,3,51.067223,102.91251
ODI0004613,311,3,1,1,-172.9862,-284.89908
ODI0004616,434,4,3,4,141.50668,-0.824704
ODI0004619,111,1,1,1,-231.16296,-2.1843967
ODI0004633,433,4,3,3,201.85106,-105.20279
ODI0004640,433,4,3,3,201.85106,-105.20279
ODI0004658,111,1,1,1,-231.16296,-2.1843967
ODI0004662,434,4,3,4,141.50668,-0.824704
ODI0004664,212,2,1,2,-284.4847,158.05867
ODI0004669,222,2,2,2,-100.43085,-119.96808
ODI0004688,434,4,3,4,141.50668,-0.824704
ODI0004697,332,3,3,2,85.47321,-198.9111
ODI0004698,111,1,1,1,-231.16296,-2.1843967
ODI0004714,443,4,4,3,239.11305,-191.50095
ODI0004717,444,4,4,4,315.8195,7.690898
ODI0004749,312,3,1,2,-0.43605173,-87.62816
ODI0004752,222,2,2,2,-100.43085,-119.96808
ODI0004767,434,4,3,4,141.50668,-0.824704
ODI0004793,443,4,4,3,239.11305,-191.50095
ODI0004801,312,3,1,2,-0.43605173,-87.62816
ODI0004830,432,4,3,2,105.869385,-335.08673
ODI0004831,221,2,2,1,-144.23131,-165.94301
ODI0004837,211,2,1,1,-217.21759,-166.33498
ODI0004846,434,4,3,4,141.50668,-0.824704
ODI0004854,333,3,3,3,51.067223,102.91251
ODI0004855,334,3,3,4,154.04494,132.22963
ODI0004857,422,4,2,2,-17.01325,-247.52617
ODI0004881,444,4,4,4,265.3144,8.532092
ODI0004896,332,3,3,2,85.47321,-198.9111
ODI0004924,412,4,1,2,-0.29719374,-165.36661
ODI0004931,234,2,3,4,39.9959,242.63818
ODI0004952,444,4,4,4,265.3144,8.532092
ODI0004970,443,4,4,3,208.77785,-205.02518
ODI0004985,222,2,2,2,-100.43085,-119.96808
ODI0004988,421,4,2,1,3.9918177,-297.87173
ODI0005003,433,4,3,3,182.97694,-119.44769
ODI0005007,332,3,3,2,85.47321,-198.9111
ODI0005021,332,3,3,2,85.47321,-198.9111
ODI0005027,344,3,4,4,289.2381,156.82634
ODI0005041,424,4,2,4,115.080414,-68.12334
ODI0005044,434,4,3,4,141.50668,-0.824704
ODI0005053,412,4,1,2,-0.29719374,-165.36661
ODI0005057,413,4,1,3,54.660152,-124.89806
ODI0005058,443,4,4,3,208.77785,-205.02518
ODI0005059,443,4,4,3,208.77785,-205.02518
ODI0005067,323,3,2,3,40.33174,-3.3384612
ODI0005097,111,1,1,1,-231.16296,-2.1843967
ODI0005100,333,3,3,3,51.067223,102.91251
ODI0005113,414,4,1,4,74.46575,-85.587166
ODI0005146,444,4,4,4,265.3144,8.532092
ODI0005148,443,4,4,3,235.58096,-224.55725
ODI0005164,433,4,3,3,179.61162,-96.4065
ODI0005174,211,2,1,1,-217.21759,-166.33498
ODI0005177,111,1,1,1,-231.16296,-2.1843967
ODI0005181,433,4,3,3,179.61162,-96.4065
ODI0005186,211,2,1,1,-217.21759,-166.33498
ODI0005191,111,1,1,1,-231.16296,-2.1843967
ODI0005241,443,4,4,3,239.11305,-191.50095
ODI0005262,111,1,1,1,-231.16296,-2.1843967
ODI0005266,443,4,4,3,208.77785,-205.02518
ODI0005291,211,2,1,1,-217.21759,-166.33498
ODI0005292,444,4,4,4,265.3144,8.532092
ODI0005296,331,3,3,1,76.797585,-270.1501
ODI0005297,333,3,3,3,51.067223,102.91251
ODI0005300,443,4,4,3,208.77785,-205.02518
ODI0005309,444,4,4,4,265.3144,8.532092
ODI0005319,211,2,1,1,-217.21759,-166.33498
ODI0005329,333,3,3,3,51.067223,102.91251
ODI0005336,111,1,1,1,-231.16296,-2.1843967
ODI0005339,434,4,3,4,141.50668,-0.824704
ODI0005340,412,4,1,2,-5.423209,-184.72424
ODI0005343,424,4,2,4,105.75534,-55.082027
ODI0005360,212,2,1,2,-300.89374,139.39482
ODI0005398,444,4,4,4,315.8195,7.690898
ODI0005407,434,4,3,4,141.50668,-0.824704
ODI0005434,333,3,3,3,51.067223,102.91251
ODI0005438,433,4,3,3,201.85106,-105.20279
ODI0005439,231,2,3,1,-45.789764,-40.987537
ODI0005454,414,4,1,4,74.46575,-85.587166
ODI0005463,421,4,2,1,3.9918177,-297.87173
ODI0005468,244,2,4,4,81.86155,333.86258
ODI0005470,444,4,4,4,315.8195,7.690898
ODI0005474,111,1,1,1,-231.16296,-2.1843967
ODI0005478,332,3,3,2,110.61879,-210.54597
ODI0005482,344,3,4,4,289.2381,156.82634
ODI0005486,413,4,1,3,54.660152,-124.89806
ODI0005489,443,4,4,3,208.77785,-205.02518
ODI0005490,122,1,2,2,-78.363365,139.38478
ODI0005496,433,4,3,3,179.61162,-96.4065
ODI0005502,411,4,1,1,-44.94348,-340.73947
ODI0005512,443,4,4,3,208.77785,-205.02518
ODI0005530,444,4,4,4,265.3144,8.532092
ODI0005543,211,2,1,1,-217.21759,-166.33498
ODI0005544,413,4,1,3,54.660152,-124.89806
ODI0005545,432,4,3,2,105.869385,-335.08673
ODI0005555,333,3,3,3,50.816807,67.34199
ODI0005558,443,4,4,3,208.77785,-205.02518
ODI0005574,334,3,3,4,166.10327,99.62058
ODI0005581,433,4,3,3,179.61162,-96.4065
ODI0005599,344,3,4,4,289.2381,156.82634
ODI0005602,432,4,3,2,105.869385,-335.08673
ODI0005603,434,4,3,4,141.50668,-0.824704
ODI0005605,111,1,1,1,-231.16296,-2.1843967
ODI0005622,444,4,4,4,265.3144,8.532092
ODI0005623,113,1,1,3,-189.64964,265.94858
ODI0005635,342,3,4,2,139.09358,-248.87773
ODI0005637,411,4,1,1,-44.94348,-340.73947
ODI0005638,333,3,3,3,50.816807,67.34199
ODI0005651,443,4,4,3,208.77785,-205.02518
ODI0005677,111,1,1,1,-231.16296,-2.1843967
ODI0005696,211,2,1,1,-217.21759,-166.33498
ODI0005712,433,4,3,3,201.85106,-105.20279
ODI0005713,433,4,3,3,201.85106,-105.20279
ODI0005716,233,2,3,3,168.21677,251.87663
ODI0005717,113,1,1,3,-189.64964,265.94858
ODI0005726,444,4,4,4,315.8195,7.690898
ODI0005733,221,2,2,1,-144.23131,-165.94301
ODI0005735,444,4,4,4,265.3144,8.532092
ODI0005751,411,4,1,1,-44.94348,-340.73947
ODI0005762,432,4,3,2,105.869385,-335.08673
ODI0005763,332,3,3,2,91.35007,-173.24535
ODI0005771,443,4,4,3,208.77785,-205.02518
ODI0005786,111,1,1,1,-231.16296,-2.1843967
ODI0005790,432,4,3,2,105.869385,-335.08673
ODI0005803,333,3,3,3,50.816807,67.34199
ODI0005824,433,4,3,3,201.85106,-105.20279
ODI0005830,111,1,1,1,-231.16296,-2.1843967
ODI0005836,443,4,4,3,208.77785,-205.02518
ODI0005841,422,4,2,2,-17.01325,-247.52617
ODI0005842,444,4,4,4,265.3144,8.532092
ODI0005845,344,3,4,4,272.4168,177.68883
ODI0005854,111,1,1,1,-231.16296,-2.1843967
ODI0005862,423,4,2,3,124.08987,-113.57565
ODI0005863,424,4,2,4,115.080414,-68.12334
ODI0005865,312,3,1,2,-25.135477,-88.11761
ODI0005869,311,3,1,1,-172.9862,-284.89908
ODI0005872,332,3,3,2,116.55314,-229.07178
ODI0005878,432,4,3,2,105.869385,-335.08673
ODI0005883,344,3,4,4,289.2381,156.82634
ODI0005894,412,4,1,2,-5.423209,-184.72424
ODI0005908,412,4,1,2,-5.423209,-184.72424
ODI0005910,334,3,3,4,166.10327,99.62058
ODI0005923,433,4,3,3,201.85106,-105.20279
ODI0005924,443,4,4,3,239.11305,-191.50095
ODI0005937,444,4,4,4,315.8195,7.690898
ODI0005953,111,1,1,1,-231.16296,-2.1843967
ODI0005957,122,1,2,2,-78.33722,110.639915
ODI0005977,333,3,3,3,50.816807,67.34199
ODI0005996,421,4,2,1,3.9918177,-297.87173
ODI0005997,211,2,1,1,-217.21759,-166.33498
ODI0005999,332,3,3,2,92.529686,-227.03438
ODI0006006,211,2,1,1,-217.21759,-166.33498
ODI0006007,331,3,3,1,76.797585,-270.1501
ODI0006030,111,1,1,1,-231.16296,-2.1843967
ODI0006031,112,1,1,2,-101.83811,316.24716
ODI0006038,422,4,2,2,-32.631214,-252.71754
ODI0006044,412,4,1,2,-5.423209,-184.72424
ODI0006099,233,2,3,3,168.21677,251.87663
ODI0006101,332,3,3,2,92.529686,-227.03438
ODI0006107,323,3,2,3,40.33174,-3.3384612
ODI0006114,444,4,4,4,265.3144,8.532092
ODI0006161,434,4,3,4,141.50668,-0.824704
ODI0006171,443,4,4,3,208.77785,-205.02518
ODI0006173,424,4,2,4,115.080414,-68.12334
ODI0006175,211,2,1,1,-217.21759,-166.33498
ODI0006188,311,3,1,1,-172.9862,-284.89908
ODI0006193,411,4,1,1,-44.94348,-340.73947
ODI0006202,344,3,4,4,289.2381,156.82634
ODI0006205,111,1,1,1,-231.16296,-2.1843967
ODI0006210,311,3,1,1,-172.9862,-284.89908
ODI0006211,343,3,4,3,295.50116,-112.72848
ODI0006216,424,4,2,4,105.75534,-55.082027
ODI0006218,211,2,1,1,-217.21759,-166.33498
ODI0006220,211,2,1,1,-217.21759,-166.33498
ODI0006237,422,4,2,2,-32.631214,-252.71754
ODI0006239,211,2,1,1,-217.21759,-166.33498
ODI0006245,434,4,3,4,141.50668,-0.824704
ODI0006254,312,3,1,2,-14.770041,-103.28071
ODI0006256,213,2,1,3,-208.53658,190.91986
ODI0006260,111,1,1,1,-231.16296,-2.1843967
ODI0006264,111,1,1,1,-231.16296,-2.1843967
ODI0006279,444,4,4,4,233.06717,-8.072141
ODI0006291,433,4,3,3,182.97694,-119.44769
ODI0006294,334,3,3,4,166.10327,99.62058
ODI0006301,121,1,2,1,-121.7291,98.9458
ODI0006303,234,2,3,4,39.9959,242.63818
ODI0006322,334,3,3,4,166.10327,99.62058
ODI0006325,432,4,3,2,105.869385,-335.08673
ODI0006327,322,3,2,2,-94.918594,-226.47281
ODI0006355,232,2,3,2,-42.63336,12.613205
ODI0006367,443,4,4,3,235.58096,-224.55725
ODI0006388,443,4,4,3,235.58096,-224.55725
ODI0006413,434,4,3,4,141.50668,-0.824704
ODI0006427,234,2,3,4,39.9959,242.63818
ODI0006432,434,4,3,4,141.50668,-0.824704
ODI0006440,332,3,3,2,109.00141,-186.61185
ODI0006442,444,4,4,4,265.3144,8.532092
ODI0006449,344,3,4,4,289.2381,156.82634
ODI0006453,232,2,3,2,-42.63336,12.613205
ODI0006464,334,3,3,4,166.10327,99.62058
ODI0006526,332,3,3,2,109.00141,-186.61185
ODI0006533,333,3,3,3,50.816807,67.34199
ODI0006538,344,3,4,4,289.2381,156.82634
ODI0006552,322,3,2,2,-94.918594,-226.47281
ODI0006588,111,1,1,1,-231.16296,-2.1843967
ODI0006591,344,3,4,4,272.4168,177.68883
ODI0006602,343,3,4,3,314.44803,-117.250626
ODI0006609,343,3,4,3,314.44803,-117.250626
ODI0006613,334,3,3,4,188.27644,126.07379
ODI0006618,344,3,4,4,272.4168,177.68883
ODI0006623,333,3,3,3,50.816807,67.34199
ODI0006625,232,2,3,2,-42.63336,12.613205
ODI0006634,112,1,1,2,-101.83811,316.24716
ODI0006639,333,3,3,3,50.816807,67.34199
ODI0006642,333,3,3,3,50.816807,67.34199
ODI0006650,311,3,1,1,-172.9862,-284.89908
ODI0006655,111,1,1,1,-231.16296,-2.1843967
ODI0006669,343,3,4,3,314.44803,-117.250626
ODI0006671,332,3,3,2,92.529686,-227.03438
ODI0006686,314,3,1,4,51.42843,-54.060757
ODI0006725,344,3,4,4,289.2381,156.82634
ODI0006729,311,3,1,1,-172.9862,-284.89908
ODI0006736,334,3,3,4,166.10327,99.62058
ODI0006745,221,2,2,1,-151.10745,-153.76807
ODI0006746,343,3,4,3,295.50116,-112.72848
ODI0006765,333,3,3,3,50.816807,67.34199
ODI0006775,334,3,3,4,166.10327,99.62058
ODI0006777,322,3,2,2,-87.86268,-207.80869
ODI0006792,322,3,2,2,-87.86268,-207.80869
ODI0006798,333,3,3,3,50.816807,67.34199
ODI0006804,344,3,4,4,289.2381,156.82634
ODI0006818,323,3,2,3,40.33174,-3.3384612
ODI0006823,334,3,3,4,166.10327,99.62058
ODI0006842,212,2,1,2,-284.4847,158.05867
ODI0006854,332,3,3,2,92.529686,-227.03438
ODI0006864,343,3,4,3,314.44803,-117.250626
ODI0006873,311,3,1,1,-172.9862,-284.89908
ODI0006889,334,3,3,4,166.10327,99.62058
ODI0006900,332,3,3,2,92.529686,-227.03438
ODI0006908,211,2,1,1,-217.21759,-166.33498
ODI0006916,231,2,3,1,-45.789764,-40.987537
ODI0006918,333,3,3,3,50.816807,67.34199
ODI0006923,322,3,2,2,-94.918594,-226.47281
ODI0006936,344,3,4,4,272.4168,177.68883
ODI0006938,342,3,4,2,139.09358,-248.87773
ODI0006948,322,3,2,2,-94.918594,-226.47281
ODI0006959,334,3,3,4,166.10327,99.62058
ODI0006969,344,3,4,4,272.4168,177.68883
ODI0006971,312,3,1,2,-14.770041,-103.28071
ODI0006972,111,1,1,1,-231.16296,-2.1843967
ODI0006975,332,3,3,2,110.61879,-210.54597
ODI0006976,211,2,1,1,-217.21759,-166.33498
ODI0006986,334,3,3,4,166.10327,99.62058
ODI0006990,343,3,4,3,314.44803,-117.250626
ODI0007008,111,1,1,1,-231.16296,-2.1843967
ODI0007010,343,3,4,3,314.44803,-117.250626
ODI0007022,222,2,2,2,-107.92438,-91.68135
ODI0007024,343,3,4,3,314.44803,-117.250626
ODI0007029,211,2,1,1,-217.21759,-166.33498
ODI0007030,314,3,1,4,51.42843,-54.060757
ODI0007036,332,3,3,2,110.61879,-210.54597
ODI0007042,111,1,1,1,-231.16296,-2.1843967
ODI0007055,334,3,3,4,166.10327,99.62058
ODI0007056,122,1,2,2,-53.786865,124.70152
ODI0007067,344,3,4,4,289.2381,156.82634
ODI0007075,211,2,1,1,-217.21759,-166.33498
ODI0007080,112,1,1,2,-101.83811,316.24716
ODI0007087,334,3,3,4,166.10327,99.62058
ODI0007093,333,3,3,3,50.816807,67.34199
ODI0007097,334,3,3,4,166.10327,99.62058
ODI0007099,334,3,3,4,154.04494,132.22963
ODI0007102,244,2,4,4,81.86155,333.86258
ODI0007113,332,3,3,2,59.47946,-195.85101
ODI0007116,314,3,1,4,61.85194,-47.894707
ODI0007119,111,1,1,1,-231.16296,-2.1843967
ODI0007123,312,3,1,2,-14.770041,-103.28071
ODI0007128,311,3,1,1,-172.9862,-284.89908
ODI0007133,222,2,2,2,-107.92438,-91.68135
ODI0007134,232,2,3,2,-42.63336,12.613205
ODI0007138,322,3,2,2,-94.918594,-226.47281
ODI0007139,111,1,1,1,-231.16296,-2.1843967
ODI0007175,344,3,4,4,289.2381,156.82634
ODI0007182,222,2,2,2,-107.92438,-91.68135
ODI0007192,321,3,2,1,-109.59577,-278.70563
ODI0007197,111,1,1,1,-231.16296,-2.1843967
ODI0007205,233,2,3,3,137.21002,248.81142
ODI0007207,111,1,1,1,-231.16296,-2.1843967
ODI0007218,211,2,1,1,-252.56921,-160.75787
ODI0007224,332,3,3,2,66.527054,-220.65778
ODI0007250,112,1,1,2,-101.83811,316.24716
ODI0007258,344,3,4,4,272.4168,177.68883
ODI0007261,323,3,2,3,40.33174,-3.3384612
ODI0007273,334,3,3,4,166.10327,99.62058
ODI0007296,322,3,2,2,-94.918594,-226.47281
ODI0007314,343,3,4,3,314.44803,-117.250626
ODI0007318,344,3,4,4,272.4168,177.68883
ODI0007330,244,2,4,4,81.86155,333.86258
ODI0007331,332,3,3,2,74.68007,-175.60786
ODI0007348,333,3,3,3,50.816807,67.34199
ODI0007355,111,1,1,1,-182.24348,13.583644
ODI0007360,111,1,1,1,-182.24348,13.583644
ODI0007367,233,2,3,3,193.1717,233.4718
ODI0007370,233,2,3,3,180.12917,222.1692
ODI0007373,211,2,1,1,-252.56921,-160.75787
ODI0007389,343,3,4,3,314.44803,-117.250626
ODI0007404,312,3,1,2,-0.43605173,-87.62816
ODI0007409,344,3,4,4,289.2381,156.82634
ODI0007412,344,3,4,4,289.2381,156.82634
ODI0007429,324,3,2,4,81.37457,-17.013292
ODI0007432,344,3,4,4,289.2381,156.82634
ODI0007434,344,3,4,4,289.2381,156.82634
ODI0007456,211,2,1,1,-252.56921,-160.75787
ODI0007463,343,3,4,3,314.44803,-117.250626
ODI0007482,343,3,4,3,314.44803,-117.250626
ODI0007514,343,3,4,3,314.44803,-117.250626
ODI0007519,344,3,4,4,289.2381,156.82634
ODI0007521,344,3,4,4,289.2381,156.82634
ODI0007526,112,1,1,2,-101.83811,316.24716
ODI0007527,211,2,1,1,-252.56921,-160.75787
ODI0007528,111,1,1,1,-182.24348,13.583644
ODI0007533,333,3,3,3,50.816807,67.34199
ODI0007538,312,3,1,2,-14.770041,-103.28071
ODI0007539,311,3,1,1,-172.9862,-284.89908
ODI0007543,333,3,3,3,51.067223,102.91251
ODI0007546,343,3,4,3,314.44803,-117.250626
ODI0007554,344,3,4,4,289.2381,156.82634
ODI0007568,323,3,2,3,40.33174,-3.3384612
ODI0007569,211,2,1,1,-252.56921,-160.75787
ODI0007570,321,3,2,1,-98.98025,-281.3318
ODI0007575,322,3,2,2,-94.918594,-226.47281
ODI0007581,332,3,3,2,125.42329,-199.14262
ODI0007586,334,3,3,4,166.10327,99.62058
ODI0007587,333,3,3,3,50.816807,67.34199
ODI0007594,312,3,1,2,-0.43605173,-87.62816
ODI0007600,122,1,2,2,-78.363365,139.38478
ODI0007606,323,3,2,3,40.33174,-3.3384612
ODI0007612,333,3,3,3,50.816807,67.34199
ODI0007616,333,3,3,3,50.816807,67.34199
ODI0007621,233,2,3,3,168.21677,251.87663
ODI0007635,111,1,1,1,-182.24348,13.583644
ODI0007642,331,3,3,1,76.797585,-270.1501
ODI0007651,334,3,3,4,166.10327,99.62058
ODI0007668,322,3,2,2,-94.918594,-226.47281
ODI0007677,344,3,4,4,289.2381,156.82634
ODI0007690,332,3,3,2,92.529686,-227.03438
ODI0007714,332,3,3,2,92.529686,-227.03438
ODI0007739,334,3,3,4,166.10327,99.62058
ODI0007749,111,1,1,1,-182.24348,13.583644
ODI0007757,334,3,3,4,154.04494,132.22963
ODI0007763,333,3,3,3,51.067223,102.91251
ODI0007769,333,3,3,3,50.816807,67.34199
ODI0007776,322,3,2,2,-107.63283,-211.13826
ODI0007782,332,3,3,2,47.144005,-210.53514
ODI0007788,332,3,3,2,109.00141,-186.61185
ODI0007794,321,3,2,1,-98.98025,-281.3318
ODI0007805,334,3,3,4,166.10327,99.62058
ODI0007807,334,3,3,4,166.10327,99.62058
ODI0007811,211,2,1,1,-252.56921,-160.75787
ODI0007812,334,3,3,4,154.04494,132.22963
ODI0007813,333,3,3,3,51.067223,102.91251
ODI0007823,311,3,1,1,-172.9862,-284.89908
ODI0007825,333,3,3,3,51.067223,102.91251
ODI0007829,333,3,3,3,51.067223,102.91251
ODI0007853,211,2,1,1,-252.56921,-160.75787
ODI0007866,211,2,1,1,-252.56921,-160.75787
ODI0007868,334,3,3,4,154.04494,132.22963
ODI0007875,321,3,2,1,-109.59577,-278.70563
ODI0007876,333,3,3,3,50.816807,67.34199
ODI0007879,333,3,3,3,50.816807,67.34199
ODI0007885,332,3,3,2,91.35007,-173.24535
ODI0007909,111,1,1,1,-182.24348,13.583644
ODI0007914,111,1,1,1,-182.24348,13.583644
ODI0007917,333,3,3,3,50.816807,67.34199
ODI0007928,332,3,3,2,91.35007,-173.24535
ODI0007951,311,3,1,1,-172.9862,-284.89908
ODI0007969,122,1,2,2,-53.786865,124.70152
ODI0007974,334,3,3,4,154.04494,132.22963
ODI0007978,231,2,3,1,-45.789764,-40.987537
ODI0007998,334,3,3,4,166.10327,99.62058
ODI0008025,232,2,3,2,-42.63336,12.613205
ODI0008034,212,2,1,2,-284.4847,158.05867
ODI0008041,211,2,1,1,-252.56921,-160.75787
ODI0008044,344,3,4,4,289.2381,156.82634
ODI0008055,311,3,1,1,-172.9862,-284.89908
ODI0008069,211,2,1,1,-252.56921,-160.75787
ODI0008087,332,3,3,2,66.527054,-220.65778
ODI0008092,333,3,3,3,50.816807,67.34199
ODI0008101,334,3,3,4,154.04494,132.22963
ODI0008106,222,2,2,2,-100.43085,-119.96808
ODI0008111,221,2,2,1,-144.23131,-165.94301
ODI0008126,343,3,4,3,295.50116,-112.72848
ODI0008127,334,3,3,4,166.10327,99.62058
ODI0008129,232,2,3,2,-42.63336,12.613205
ODI0008138,312,3,1,2,-0.43605173,-87.62816
ODI0008186,334,3,3,4,154.04494,132.22963
ODI0008187,332,3,3,2,85.47321,-198.9111
ODI0008203,344,3,4,4,289.2381,156.82634
ODI0008204,344,3,4,4,289.2381,156.82634
ODI0008205,344,3,4,4,289.2381,156.82634
ODI0008206,311,3,1,1,-172.9862,-284.89908
ODI0008207,211,2,1,1,-252.56921,-160.75787
ODI0008218,332,3,3,2,85.47321,-198.9111
ODI0008222,333,3,3,3,51.067223,102.91251
ODI0008235,312,3,1,2,-0.43605173,-87.62816
ODI0008239,334,3,3,4,154.04494,132.22963
ODI0008266,312,3,1,2,-0.43605173,-87.62816
ODI0008273,333,3,3,3,51.067223,102.91251
ODI0008323,232,2,3,2,-42.63336,12.613205
ODI0008341,211,2,1,1,-252.56921,-160.75787
ODI0008374,211,2,1,1,-252.56921,-160.75787
ODI0008376,324,3,2,4,81.37457,-17.013292
ODI0008392,333,3,3,3,51.067223,102.91251
ODI0008420,312,3,1,2,-0.43605173,-87.62816
ODI0008440,222,2,2,2,-96.076454,-77.00988
ODI0008510,333,3,3,3,51.067223,102.91251
ODI0008511,211,2,1,1,-252.56921,-160.75787
ODI0008519,111,1,1,1,-182.24348,13.583644
ODI0008548,111,1,1,1,-182.24348,13.583644
ODI0008549,134,1,3,4,14.56669,323.48682
ODI0008550,332,3,3,2,125.42329,-199.14262
ODI0008561,334,3,3,4,188.27644,126.07379
ODI0008579,211,2,1,1,-252.56921,-160.75787
ODI0008584,111,1,1,1,-182.24348,13.583644
ODI0008587,111,1,1,1,-182.24348,13.583644
ODI0008588,322,3,2,2,-94.918594,-226.47281
ODI0008599,324,3,2,4,81.37457,-17.013292
ODI0008617,111,1,1,1,-182.24348,13.583644
ODI0008623,232,2,3,2,-42.63336,12.613205
ODI0008625,211,2,1,1,-252.56921,-160.75787
ODI0008634,211,2,1,1,-252.56921,-160.75787
ODI0008683,111,1,1,1,-182.24348,13.583644
ODI0008685,334,3,3,4,166.10327,99.62058
ODI0008686,311,3,1,1,-172.9862,-284.89908
ODI0008739,334,3,3,4,166.10327,99.62058
ODI0008742,111,1,1,1,-182.24348,13.583644
ODI0008748,312,3,1,2,-14.770041,-103.28071
ODI0008775,211,2,1,1,-252.56921,-160.75787
ODI0008781,222,2,2,2,-107.92438,-91.68135
ODI0008789,343,3,4,3,295.50116,-112.72848
ODI0008792,334,3,3,4,166.10327,99.62058
ODI0008798,333,3,3,3,50.816807,67.34199
ODI0008809,311,3,1,1,-172.9862,-284.89908
ODI0008820,111,1,1,1,-182.24348,13.583644
ODI0008828,333,3,3,3,50.816807,67.34199
ODI0008843,111,1,1,1,-182.24348,13.583644
ODI0008851,334,3,3,4,166.10327,99.62058
ODI0008856,222,2,2,2,-107.92438,-91.68135
ODI0008869,111,1,1,1,-182.24348,13.583644
ODI0008890,111,1,1,1,-182.24348,13.583644
ODI0008891,111,1,1,1,-182.24348,13.583644
ODI0008897,334,3,3,4,154.04494,132.22963
ODI0008901,111,1,1,1,-182.24348,13.583644
ODI0008914,333,3,3,3,50.816807,67.34199
ODI0008917,111,1,1,1,-182.24348,13.583644
ODI0008921,312,3,1,2,-14.770041,-103.28071
ODI0008929,111,1,1,1,-229.23187,34.217587
ODI0008937,333,3,3,3,50.816807,67.34199
ODI0008942,333,3,3,3,50.816807,67.34199
ODI0008952,233,2,3,3,168.21677,251.87663
ODI0008953,311,3,1,1,-172.9862,-284.89908
ODI0008977,333,3,3,3,50.816807,67.34199
ODI0008994,334,3,3,4,188.27644,126.07379
ODI0009013,322,3,2,2,-94.918594,-226.47281
ODI0009016,333,3,3,3,50.816807,67.34199
ODI0009027,333,3,3,3,50.816807,67.34199
ODI0009029,111,1,1,1,-182.24348,13.583644
ODI0009032,332,3,3,2,59.47946,-195.85101
ODI0009045,111,1,1,1,-182.24348,13.583644
ODI0009046,211,2,1,1,-252.56921,-160.75787
ODI0009051,334,3,3,4,166.10327,99.62058
ODI0009060,333,3,3,3,50.816807,67.34199
ODI0009085,344,3,4,4,272.4168,177.68883
ODI0009101,332,3,3,2,66.527054,-220.65778
ODI0009113,334,3,3,4,188.27644,126.07379
ODI0009122,233,2,3,3,153.9237,224.06474
ODI0009146,224,2,2,4,-62.657364,231.57635
ODI0009147,111,1,1,1,-182.24348,13.583644
ODI0009152,313,3,1,3,21.055557,-45.041847
ODI0009161,334,3,3,4,166.10327,99.62058
ODI0009171,211,2,1,1,-252.56921,-160.75787
ODI0009176,111,1,1,1,-182.24348,13.583644
ODI0009192,332,3,3,2,85.47321,-198.9111
ODI0009202,111,1,1,1,-182.24348,13.583644
ODI0009220,221,2,2,1,-151.10745,-153.76807
ODI0009229,334,3,3,4,154.04494,132.22963
ODI0009233,111,1,1,1,-182.24348,13.583644
ODI0009241,332,3,3,2,85.47321,-198.9111
ODI0009243,333,3,3,3,51.067223,102.91251
ODI0009285,211,2,1,1,-252.56921,-160.75787
ODI0009292,333,3,3,3,51.067223,102.91251
ODI0009300,232,2,3,2,-42.63336,12.613205
ODI0009310,333,3,3,3,50.816807,67.34199
ODI0009311,334,3,3,4,188.27644,126.07379
ODI0009313,221,2,2,1,-144.23131,-165.94301
ODI0009341,332,3,3,2,92.529686,-227.03438
ODI0009359,232,2,3,2,-42.63336,12.613205
ODI0009361,333,3,3,3,50.816807,67.34199
ODI0009364,111,1,1,1,-182.24348,13.583644
ODI0009374,344,3,4,4,289.2381,156.82634
ODI0009396,334,3,3,4,166.10327,99.62058
ODI0009428,111,1,1,1,-182.24348,13.583644
ODI0009464,332,3,3,2,62.18985,-178.53247
ODI0009488,334,3,3,4,166.10327,99.62058
ODI0009494,344,3,4,4,289.2381,156.82634
ODI0009495,334,3,3,4,166.10327,99.62058
ODI0009510,332,3,3,2,66.527054,-220.65778
ODI0009522,111,1,1,1,-182.24348,13.583644
ODI0009524,334,3,3,4,154.04494,132.22963
ODI0009547,211,2,1,1,-252.56921,-160.75787
ODI0009560,233,2,3,3,168.21677,251.87663
ODI0009574,332,3,3,2,66.527054,-220.65778
ODI0009583,334,3,3,4,166.10327,99.62058
ODI0009596,322,3,2,2,-87.86268,-207.80869
ODI0009612,211,2,1,1,-252.56921,-160.75787
ODI0009614,322,3,2,2,-87.86268,-207.80869
ODI0009630,333,3,3,3,51.067223,102.91251
ODI0009671,211,2,1,1,-252.56921,-160.75787
ODI0009673,322,3,2,2,-94.918594,-226.47281
ODI0009678,344,3,4,4,289.2381,156.82634
ODI0009696,334,3,3,4,154.04494,132.22963
ODI0009697,231,2,3,1,-57.65991,-39.916584
ODI0009700,313,3,1,3,21.055557,-45.041847
ODI0009738,311,3,1,1,-172.9862,-284.89908
ODI0009763,211,2,1,1,-252.56921,-160.75787
ODI0009774,334,3,3,4,154.04494,132.22963
ODI0009775,312,3,1,2,-14.770041,-103.28071
ODI0009790,322,3,2,2,-87.86268,-207.80869
ODI0009797,333,3,3,3,51.067223,102.91251
ODI0009835,332,3,3,2,85.47321,-198.9111
ODI0009849,121,1,2,1,-121.7291,98.9458
ODI0009918,312,3,1,2,-0.43605173,-87.62816
ODI0009922,334,3,3,4,154.04494,132.22963
ODI0009926,344,3,4,4,289.2381,156.82634
ODI0009928,334,3,3,4,154.04494,132.22963
ODI0009946,234,2,3,4,39.9959,242.63818
ODI0009952,112,1,1,2,-101.83811,316.24716
ODI0009989,334,3,3,4,154.04494,132.22963
ODI0009999,332,3,3,2,85.47321,-198.9111
ODI0010043,113,1,1,3,-189.64964,265.94858
ODI0010105,312,3,1,2,-0.43605173,-87.62816
ODI0010141,123,1,2,3,5.2905726,172.8351
ODI0010158,244,2,4,4,81.86155,333.86258
ODI0010198,332,3,3,2,85.47321,-198.9111
ODI0010218,211,2,1,1,-252.56921,-160.75787
ODI0010225,222,2,2,2,-100.43085,-119.96808
ODI0010231,311,3,1,1,-172.9862,-284.89908
ODI0010294,222,2,2,2,-85.306175,-97.94593
ODI0010318,223,2,2,3,-176.38911,133.97731
ODI0010349,334,3,3,4,166.10327,99.62058
ODI0010381,333,3,3,3,50.816807,67.34199
ODI0010385,344,3,4,4,289.2381,156.82634
ODI0010404,333,3,3,3,50.816807,67.34199
ODI0010407,222,2,2,2,-85.306175,-97.94593
ODI0010408,212,2,1,2,-284.4847,158.05867
ODI0010411,333,3,3,3,50.816807,67.34199
ODI0010469,223,2,2,3,-169.71495,149.08568
ODI0010480,214,2,1,4,-160.89374,200.2618
ODI0010493,211,2,1,1,-252.56921,-160.75787
ODI0010502,111,1,1,1,-182.24348,13.583644
ODI0010503,111,1,1,1,-182.24348,13.583644
ODI0010508,324,3,2,4,81.37457,-17.013292
ODI0010519,112,1,1,2,-101.83811,316.24716
ODI0010538,312,3,1,2,-0.43605173,-87.62816
ODI0010548,332,3,3,2,92.529686,-227.03438
ODI0010578,111,1,1,1,-182.24348,13.583644
ODI0010620,311,3,1,1,-172.9862,-284.89908
ODI0010629,234,2,3,4,19.40664,263.72235
ODI0010654,312,3,1,2,-17.61311,-76.56441
ODI0010680,211,2,1,1,-252.56921,-160.75787
ODI0010713,231,2,3,1,-57.65991,-39.916584
ODI0010716,112,1,1,2,-101.83811,316.24716
ODI0010747,111,1,1,1,-182.24348,13.583644
ODI0010750,122,1,2,2,-78.363365,139.38478
ODI0010758,221,2,2,1,-144.23131,-165.94301
ODI0010766,111,1,1,1,-182.24348,13.583644
ODI0010779,323,3,2,3,40.33174,-3.3384612
ODI0010797,333,3,3,3,50.816807,67.34199
ODI0010811,212,2,1,2,-284.4847,158.05867
ODI0010816,222,2,2,2,-85.306175,-97.94593
ODI0010836,111,1,1,1,-182.24348,13.583644
ODI0010863,122,1,2,2,-78.363365,139.38478
ODI0010865,222,2,2,2,-85.306175,-97.94593
ODI0010866,322,3,2,2,-94.918594,-226.47281
ODI0010883,211,2,1,1,-252.56921,-160.75787
ODI0010896,222,2,2,2,-85.306175,-97.94593
ODI0010901,312,3,1,2,-14.770041,-103.28071
ODI0010902,312,3,1,2,-14.770041,-103.28071
ODI0010929,332,3,3,2,66.527054,-220.65778
ODI0010941,332,3,3,2,66.527054,-220.65778
ODI0010942,313,3,1,3,21.055557,-45.041847
ODI0010943,333,3,3,3,50.816807,67.34199
ODI0010945,332,3,3,2,66.527054,-220.65778
ODI0010953,333,3,3,3,50.816807,67.34199
ODI0010969,333,3,3,3,50.816807,67.34199
ODI0011027,334,3,3,4,166.10327,99.62058
ODI0011038,334,3,3,4,154.04494,132.22963
ODI0011085,334,3,3,4,154.04494,132.22963
ODI0011087,222,2,2,2,-85.306175,-97.94593
ODI0011100,333,3,3,3,50.816807,67.34199
ODI0011109,232,2,3,2,-42.63336,12.613205
ODI0011140,334,3,3,4,166.10327,99.62058
ODI0011144,334,3,3,4,188.27644,126.07379
ODI0011146,312,3,1,2,-0.43605173,-87.62816
ODI0011153,332,3,3,2,66.527054,-220.65778
ODI0011157,333,3,3,3,50.816807,67.34199
ODI0011158,313,3,1,3,21.055557,-45.041847
ODI0011182,333,3,3,3,50.816807,67.34199
ODI0011195,111,1,1,1,-182.24348,13.583644
ODI0011196,322,3,2,2,-94.918594,-226.47281
ODI0011199,222,2,2,2,-85.306175,-97.94593
ODI0011201,332,3,3,2,59.47946,-195.85101
ODI0011216,314,3,1,4,61.85194,-47.894707
ODI0011223,222,2,2,2,-85.306175,-97.94593
ODI0011229,312,3,1,2,-0.43605173,-87.62816
ODI0011235,211,2,1,1,-252.56921,-160.75787
ODI0011243,122,1,2,2,-53.786865,124.70152
ODI0011245,333,3,3,3,51.067223,102.91251
ODI0011251,332,3,3,2,92.529686,-227.03438
ODI0011270,343,3,4,3,314.44803,-117.250626
ODI0011272,132,1,3,2,-47.8101,67.53399
ODI0011276,222,2,2,2,-85.306175,-97.94593
ODI0011300,322,3,2,2,-87.86268,-207.80869
ODI0011308,111,1,1,1,-182.24348,13.583644
ODI0011320,312,3,1,2,-0.43605173,-87.62816
ODI0011325,211,2,1,1,-252.56921,-160.75787
ODI0011328,111,1,1,1,-182.24348,13.583644
ODI0011341,111,1,1,1,-182.24348,13.583644
ODI0011347,333,3,3,3,51.067223,102.91251
ODI0011366,322,3,2,2,-87.86268,-207.80869
ODI0011375,111,1,1,1,-182.24348,13.583644
ODI0011394,232,2,3,2,-42.63336,12.613205
ODI0011416,122,1,2,2,-53.786865,124.70152
ODI0011417,334,3,3,4,154.04494,132.22963
ODI0011420,344,3,4,4,289.2381,156.82634
ODI0011425,333,3,3,3,51.067223,102.91251
ODI0011427,333,3,3,3,51.067223,102.91251
ODI0011433,232,2,3,2,-42.63336,12.613205
ODI0011441,313,3,1,3,21.055557,-45.041847
ODI0011442,111,1,1,1,-182.24348,13.583644
ODI0011458,323,3,2,3,40.33174,-3.3384612
ODI0011461,311,3,1,1,-172.9862,-284.89908
ODI0011462,332,3,3,2,85.47321,-198.9111
ODI0011473,233,2,3,3,168.21677,251.87663
ODI0011478,334,3,3,4,154.04494,132.22963
ODI0011481,333,3,3,3,51.067223,102.91251
ODI0011482,112,1,1,2,-101.83811,316.24716
ODI0011499,111,1,1,1,-182.24348,13.583644
ODI0011503,344,3,4,4,272.4168,177.68883
ODI0011512,211,2,1,1,-252.56921,-160.75787
ODI0011521,211,2,1,1,-252.56921,-160.75787
ODI0011525,312,3,1,2,-0.43605173,-87.62816
ODI0011527,333,3,3,3,51.067223,102.91251
ODI0011529,111,1,1,1,-182.24348,13.583644
ODI0011536,234,2,3,4,47.993073,270.82135
ODI0011578,332,3,3,2,85.47321,-198.9111
ODI0011582,334,3,3,4,154.04494,132.22963
ODI0011596,322,3,2,2,-94.918594,-226.47281
ODI0011600,333,3,3,3,51.067223,102.91251
ODI0011601,111,1,1,1,-182.24348,13.583644
ODI0011612,233,2,3,3,168.21677,251.87663
ODI0011613,344,3,4,4,289.2381,156.82634
ODI0011624,332,3,3,2,85.47321,-198.9111
ODI0011629,333,3,3,3,51.067223,102.91251
ODI0011648,333,3,3,3,51.067223,102.91251
ODI0011652,334,3,3,4,154.04494,132.22963
ODI0011658,314,3,1,4,61.85194,-47.894707
ODI0011663,322,3,2,2,-94.918594,-226.47281
ODI0011671,344,3,4,4,289.2381,156.82634
ODI0011679,212,2,1,2,-284.4847,158.05867
ODI0011704,312,3,1,2,-0.43605173,-87.62816
ODI0011709,244,2,4,4,81.86155,333.86258
ODI0011717,212,2,1,2,-284.4847,158.05867
ODI0011725,232,2,3,2,-42.63336,12.613205
ODI0011747,233,2,3,3,168.21677,251.87663
ODI0011762,334,3,3,4,154.04494,132.22963
ODI0011767,333,3,3,3,51.067223,102.91251
ODI0011775,344,3,4,4,289.2381,156.82634
ODI0011780,111,1,1,1,-182.24348,13.583644
ODI0011826,322,3,2,2,-94.918594,-226.47281
ODI0011847,111,1,1,1,-182.24348,13.583644
ODI0011853,333,3,3,3,51.067223,102.91251
ODI0011854,333,3,3,3,51.067223,102.91251
ODI0011870,233,2,3,3,153.9237,224.06474
ODI0011885,334,3,3,4,154.04494,132.22963
ODI0011889,223,2,2,3,-176.38911,133.97731
ODI0011894,222,2,2,2,-85.306175,-97.94593
ODI0011902,333,3,3,3,50.816807,67.34199
ODI0011910,333,3,3,3,50.816807,67.34199
ODI0011944,232,2,3,2,-42.63336,12.613205
ODI0011945,333,3,3,3,50.816807,67.34199
ODI0011950,211,2,1,1,-252.56921,-160.75787
ODI0011951,232,2,3,2,-42.63336,12.613205
ODI0011961,111,1,1,1,-182.24348,13.583644
ODI0011962,234,2,3,4,39.9959,242.63818
ODI0011964,223,2,2,3,-153.63026,145.11575
ODI0011965,111,1,1,1,-182.24348,13.583644
ODI0011991,334,3,3,4,166.10327,99.62058
ODI0011998,111,1,1,1,-182.24348,13.583644
ODI0012008,111,1,1,1,-182.24348,13.583644
ODI0012026,222,2,2,2,-75.025314,-120.78509
ODI0012028,111,1,1,1,-182.24348,13.583644
ODI0012049,212,2,1,2,-284.4847,158.05867
ODI0012051,111,1,1,1,-182.24348,13.583644
ODI0012062,232,2,3,2,-42.63336,12.613205
ODI0012085,111,1,1,1,-182.24348,13.583644
ODI0012094,234,2,3,4,19.40664,263.72235
ODI0012117,244,2,4,4,81.86155,333.86258
ODI0012130,234,2,3,4,39.9959,242.63818
ODI0012161,232,2,3,2,-42.63336,12.613205
ODI0012166,233,2,3,3,168.21677,251.87663
ODI0012169,244,2,4,4,81.86155,333.86258
ODI0012171,111,1,1,1,-182.24348,13.583644
ODI0012181,233,2,3,3,168.21677,251.87663
ODI0012192,234,2,3,4,39.9959,242.63818
ODI0012193,234,2,3,4,47.993073,270.82135
ODI0012203,232,2,3,2,-42.63336,12.613205
ODI0012205,232,2,3,2,-42.63336,12.613205
ODI0012207,111,1,1,1,-182.24348,13.583644
ODI0012211,111,1,1,1,-182.24348,13.583644
ODI0012222,233,2,3,3,168.21677,251.87663
ODI0012234,234,2,3,4,39.9959,242.63818
ODI0012239,111,1,1,1,-182.24348,13.583644
ODI0012242,234,2,3,4,39.9959,242.63818
ODI0012243,233,2,3,3,168.21677,251.87663
ODI0012244,234,2,3,4,47.993073,270.82135
ODI0012249,111,1,1,1,-182.24348,13.583644
ODI0012267,223,2,2,3,-169.71495,149.08568
ODI0012271,234,2,3,4,47.993073,270.82135
ODI0012282,233,2,3,3,168.21677,251.87663
ODI0012286,234,2,3,4,39.9959,242.63818
ODI0012307,211,2,1,1,-252.56921,-160.75787
ODI0012311,233,2,3,3,153.9237,224.06474
ODI0012314,233,2,3,3,168.21677,251.87663
ODI0012318,233,2,3,3,168.21677,251.87663
ODI0012326,111,1,1,1,-182.24348,13.583644
ODI0012333,212,2,1,2,-284.4847,158.05867
ODI0012334,234,2,3,4,39.9959,242.63818
ODI0012349,233,2,3,3,168.21677,251.87663
ODI0012358,244,2,4,4,81.86155,333.86258
ODI0012362,222,2,2,2,-75.025314,-120.78509
ODI0012368,234,2,3,4,19.40664,263.72235
ODI0012382,232,2,3,2,-42.63336,12.613205
ODI0012392,122,1,2,2,-78.33722,110.639915
ODI0012443,234,2,3,4,19.40664,263.72235
ODI0012447,222,2,2,2,-123.262505,-107.30587
ODI0012465,234,2,3,4,19.40664,263.72235
ODI0012477,234,2,3,4,19.40664,263.72235
ODI0012481,233,2,3,3,168.21677,251.87663
ODI0012500,212,2,1,2,-284.4847,158.05867
ODI0012507,212,2,1,2,-284.4847,158.05867
ODI0012514,222,2,2,2,-123.262505,-107.30587
ODI0012562,234,2,3,4,39.9959,242.63818
ODI0012578,111,1,1,1,-182.24348,13.583644
ODI0012579,233,2,3,3,168.21677,251.87663
ODI0012601,111,1,1,1,-182.24348,13.583644
ODI0012609,122,1,2,2,-53.786865,124.70152
ODI0012611,114,1,1,4,-142.92032,233.13063
ODI0012612,233,2,3,3,168.21677,251.87663
ODI0012614,233,2,3,3,168.21677,251.87663
ODI0012618,113,1,1,3,-189.64964,265.94858
ODI0012623,232,2,3,2,-42.63336,12.613205
ODI0012624,234,2,3,4,47.993073,270.82135
ODI0012634,233,2,3,3,168.21677,251.87663
ODI0012636,234,2,3,4,39.9959,242.63818
ODI0012637,122,1,2,2,-53.786865,124.70152
ODI0012638,234,2,3,4,39.9959,242.63818
ODI0012653,234,2,3,4,19.40664,263.72235
ODI0012694,233,2,3,3,168.21677,251.87663
ODI0012711,233,2,3,3,168.21677,251.87663
ODI0012719,122,1,2,2,-53.786865,124.70152
ODI0012730,111,1,1,1,-182.24348,13.583644
ODI0012746,243,2,4,3,129.11176,301.25095
ODI0012789,233,2,3,3,168.21677,251.87663
ODI0012793,233,2,3,3,153.9237,224.06474
ODI0012794,233,2,3,3,153.9237,224.06474
ODI0012795,211,2,1,1,-252.56921,-160.75787
ODI0012819,212,2,1,2,-284.4847,158.05867
ODI0012837,111,1,1,1,-182.24348,13.583644
ODI0012839,234,2,3,4,19.40664,263.72235
ODI0012852,123,1,2,3,5.2905726,172.8351
ODI0012855,233,2,3,3,168.21677,251.87663
ODI0012861,244,2,4,4,81.86155,333.86258
ODI0012896,232,2,3,2,-42.63336,12.613205
ODI0012918,222,2,2,2,-123.262505,-107.30587
ODI0012926,224,2,2,4,-46.88347,231.80856
ODI0012936,243,2,4,3,129.11176,301.25095
ODI0012944,234,2,3,4,39.9959,242.63818
ODI0012954,122,1,2,2,-53.786865,124.70152
ODI0012959,222,2,2,2,-123.262505,-107.30587
ODI0012980,232,2,3,2,-42.63336,12.613205
ODI0012987,213,2,1,3,-215.63106,204.0528
ODI0013004,222,2,2,2,-123.262505,-107.30587
ODI0013033,234,2,3,4,39.9959,242.63818
ODI0013039,232,2,3,2,-42.63336,12.613205
ODI0013050,234,2,3,4,47.993073,270.82135
ODI0013104,234,2,3,4,47.993073,270.82135
ODI0013133,111,1,1,1,-182.24348,13.583644
ODI0013136,211,2,1,1,-252.56921,-160.75787
ODI0013150,232,2,3,2,-42.63336,12.613205
ODI0013199,232,2,3,2,-42.63336,12.613205
ODI0013215,222,2,2,2,-123.262505,-107.30587
ODI0013219,232,2,3,2,-42.63336,12.613205
ODI0013220,233,2,3,3,168.21677,251.87663
ODI0013226,222,2,2,2,-123.262505,-107.30587
ODI0013227,224,2,2,4,-54.4785,217.67738
ODI0013230,234,2,3,4,19.40664,263.72235
ODI0013237,232,2,3,2,-42.63336,12.613205
ODI0013250,234,2,3,4,19.40664,263.72235
ODI0013288,232,2,3,2,-42.63336,12.613205
ODI0013292,111,1,1,1,-182.24348,13.583644
ODI0013306,233,2,3,3,168.21677,251.87663
ODI0013342,111,1,1,1,-182.24348,13.583644
ODI0013344,244,2,4,4,81.86155,333.86258
ODI0013367,234,2,3,4,19.40664,263.72235
ODI0013421,233,2,3,3,168.21677,251.87663
ODI0013434,111,1,1,1,-182.24348,13.583644
ODI0013445,212,2,1,2,-284.4847,158.05867
ODI0013447,224,2,2,4,-54.4785,217.67738
ODI0013448,213,2,1,3,-215.63106,204.0528
ODI0013457,233,2,3,3,168.21677,251.87663
ODI0013459,111,1,1,1,-182.24348,13.583644
ODI0013462,234,2,3,4,19.40664,263.72235
ODI0013485,234,2,3,4,19.40664,263.72235
ODI0013489,213,2,1,3,-215.63106,204.0528
ODI0013490,222,2,2,2,-123.262505,-107.30587
ODI0013507,211,2,1,1,-252.56921,-160.75787
ODI0013521,233,2,3,3,198.59537,253.48932
ODI0013530,232,2,3,2,-42.63336,12.613205
ODI0013535,232,2,3,2,-42.63336,12.613205
ODI0013536,234,2,3,4,39.9959,242.63818
ODI0013539,111,1,1,1,-182.24348,13.583644
ODI0013548,234,2,3,4,39.9959,242.63818
ODI0013559,233,2,3,3,168.21677,251.87663
ODI0013575,211,2,1,1,-252.56921,-160.75787
ODI0013601,233,2,3,3,168.21677,251.87663
ODI0013605,112,1,1,2,-101.83811,316.24716
ODI0013609,212,2,1,2,-284.4847,158.05867
ODI0013616,233,2,3,3,153.9237,224.06474
ODI0013617,214,2,1,4,-160.89374,200.2618
ODI0013622,234,2,3,4,47.993073,270.82135
ODI0013626,233,2,3,3,168.21677,251.87663
ODI0013651,232,2,3,2,-42.63336,12.613205
ODI0013682,233,2,3,3,153.9237,224.06474
ODI0013685,233,2,3,3,137.21002,248.81142
ODI0013692,233,2,3,3,168.21677,251.87663
ODI0013694,234,2,3,4,19.40664,263.72235
ODI0013700,232,2,3,2,-42.63336,12.613205
ODI0013702,234,2,3,4,39.9959,242.63818
ODI0013710,111,1,1,1,-182.24348,13.583644
ODI0013722,234,2,3,4,39.9959,242.63818
ODI0013733,111,1,1,1,-182.24348,13.583644
ODI0013738,212,2,1,2,-284.4847,158.05867
ODI0013744,224,2,2,4,-54.4785,217.67738
ODI0013746,234,2,3,4,19.40664,263.72235
ODI0013755,111,1,1,1,-182.24348,13.583644
ODI0013769,111,1,1,1,-182.24348,13.583644
ODI0013776,213,2,1,3,-215.63106,204.0528
ODI0013778,234,2,3,4,19.40664,263.72235
ODI0013794,212,2,1,2,-284.4847,158.05867
ODI0013798,222,2,2,2,-123.262505,-107.30587
ODI0013807,111,1,1,1,-182.24348,13.583644
ODI0013813,112,1,1,2,-101.83811,316.24716
ODI0013820,144,1,4,4,53.5878,334.9044
ODI0013822,212,2,1,2,-284.4847,158.05867
ODI0013826,122,1,2,2,-78.363365,139.38478
ODI0013828,113,1,1,3,-189.64964,265.94858
ODI0013834,233,2,3,3,168.21677,251.87663
ODI0013896,232,2,3,2,-42.63336,12.613205
ODI0013899,232,2,3,2,-42.63336,12.613205
ODI0013928,211,2,1,1,-252.56921,-160.75787
ODI0013929,233,2,3,3,168.21677,251.87663
ODI0013940,214,2,1,4,-160.89374,200.2618
ODI0013945,214,2,1,4,-160.89374,200.2618
ODI0013965,111,1,1,1,-182.24348,13.583644
ODI0013979,213,2,1,3,-215.63106,204.0528
ODI0013981,212,2,1,2,-284.4847,158.05867
ODI0013982,212,2,1,2,-284.4847,158.05867
ODI0013987,212,2,1,2,-284.4847,158.05867
ODI0014047,211,2,1,1,-252.56921,-160.75787
ODI0014048,234,2,3,4,39.9959,242.63818
ODI0014049,111,1,1,1,-182.24348,13.583644
ODI0014056,111,1,1,1,-182.24348,13.583644
ODI0014057,223,2,2,3,-169.71495,149.08568
ODI0014065,233,2,3,3,168.21677,251.87663
ODI0014070,222,2,2,2,-100.43085,-119.96808
ODI0014093,222,2,2,2,-100.43085,-119.96808
ODI0014098,232,2,3,2,-42.63336,12.613205
ODI0014101,122,1,2,2,-78.363365,139.38478
ODI0014103,213,2,1,3,-215.63106,204.0528
ODI0014106,111,1,1,1,-182.24348,13.583644
ODI0014115,244,2,4,4,81.86155,333.86258
ODI0014120,212,2,1,2,-284.4847,158.05867
ODI0014125,213,2,1,3,-215.63106,204.0528
ODI0014140,122,1,2,2,-78.363365,139.38478
ODI0014158,223,2,2,3,-169.71495,149.08568
ODI0014164,234,2,3,4,19.40664,263.72235
ODI0014165,234,2,3,4,39.9959,242.63818
ODI0014172,234,2,3,4,19.40664,263.72235
ODI0014173,212,2,1,2,-284.4847,158.05867
ODI0014194,223,2,2,3,-169.71495,149.08568
ODI0014199,234,2,3,4,19.40664,263.72235
ODI0014202,234,2,3,4,19.40664,263.72235
ODI0014204,234,2,3,4,19.40664,263.72235
ODI0014211,234,2,3,4,19.40664,263.72235
ODI0014226,111,1,1,1,-182.24348,13.583644
ODI0014296,234,2,3,4,19.40664,263.72235
ODI0014297,111,1,1,1,-182.24348,13.583644
ODI0014311,134,1,3,4,14.56669,323.48682
ODI0014340,111,1,1,1,-182.24348,13.583644
ODI0014357,222,2,2,2,-100.43085,-119.96808
ODI0014364,223,2,2,3,-169.71495,149.08568
ODI0014418,232,2,3,2,-42.63336,12.613205
ODI0014433,222,2,2,2,-100.43085,-119.96808
ODI0014436,233,2,3,3,168.21677,251.87663
ODI0014437,223,2,2,3,-169.71495,149.08568
ODI0014440,112,1,1,2,-101.83811,316.24716
ODI0014446,223,2,2,3,-169.71495,149.08568
ODI0014469,123,1,2,3,5.2905726,172.8351
ODI0014479,213,2,1,3,-215.63106,204.0528
ODI0014481,232,2,3,2,-42.63336,12.613205
ODI0014496,122,1,2,2,-53.786865,124.70152
ODI0014498,212,2,1,2,-284.4847,158.05867
ODI0014500,224,2,2,4,-46.88347,231.80856
ODI0014515,112,1,1,2,-101.83811,316.24716
ODI0014522,222,2,2,2,-100.43085,-119.96808
ODI0014525,222,2,2,2,-100.43085,-119.96808
ODI0014566,122,1,2,2,-53.786865,124.70152
ODI0014572,111,1,1,1,-182.24348,13.583644
ODI0014573,122,1,2,2,-53.786865,124.70152
ODI0014575,111,1,1,1,-182.24348,13.583644
ODI0014584,212,2,1,2,-284.4847,158.05867
ODI0014589,111,1,1,1,-182.24348,13.583644
ODI0014615,113,1,1,3,-189.64964,265.94858
ODI0014621,114,1,1,4,-142.92032,233.13063
ODI0014654,111,1,1,1,-182.24348,13.583644
ODI0014667,233,2,3,3,168.21677,251.87663
ODI0014675,122,1,2,2,-53.786865,124.70152
ODI0014678,111,1,1,1,-182.24348,13.583644
ODI0014684,233,2,3,3,168.21677,251.87663
ODI0014685,233,2,3,3,168.21677,251.87663
ODI0014690,233,2,3,3,153.9237,224.06474
ODI0014694,222,2,2,2,-100.43085,-119.96808
ODI0014701,223,2,2,3,-169.71495,149.08568
ODI0014703,223,2,2,3,-169.71495,149.08568
ODI0014712,111,1,1,1,-182.24348,13.583644
ODI0014730,233,2,3,3,168.21677,251.87663
ODI0014739,222,2,2,2,-100.43085,-119.96808
ODI0014741,112,1,1,2,-101.83811,316.24716
ODI0014746,111,1,1,1,-182.24348,13.583644
ODI0014747,243,2,4,3,129.11176,301.25095
ODI0014765,214,2,1,4,-149.91081,196.8813
ODI0014773,122,1,2,2,-53.786865,124.70152
ODI0014791,232,2,3,2,-42.63336,12.613205
ODI0014803,122,1,2,2,-53.786865,124.70152
ODI0014816,111,1,1,1,-182.24348,13.583644
ODI0014828,212,2,1,2,-284.4847,158.05867
ODI0014838,111,1,1,1,-182.24348,13.583644
ODI0014852,213,2,1,3,-208.53658,190.91986
ODI0014858,111,1,1,1,-182.24348,13.583644
ODI0014863,111,1,1,1,-182.24348,13.583644
ODI0014871,123,1,2,3,-11.243987,177.46991
ODI0014904,234,2,3,4,19.40664,263.72235
ODI0014915,111,1,1,1,-182.24348,13.583644
ODI0014923,112,1,1,2,-101.83811,316.24716
ODI0014925,112,1,1,2,-101.83811,316.24716
ODI0014927,124,1,2,4,-98.090515,210.31416
ODI0014928,222,2,2,2,-100.43085,-119.96808
ODI0014937,123,1,2,3,5.2905726,172.8351
ODI0014939,233,2,3,3,137.21002,248.81142
ODI0014948,222,2,2,2,-100.43085,-119.96808
ODI0014987,124,1,2,4,-98.090515,210.31416
ODI0014993,111,1,1,1,-182.24348,13.583644
ODI0015003,122,1,2,2,-53.786865,124.70152
ODI0015008,122,1,2,2,-53.786865,124.70152
ODI0015013,224,2,2,4,-46.88347,231.80856
ODI0015016,122,1,2,2,-53.786865,124.70152
ODI0015044,124,1,2,4,-98.090515,210.31416
ODI0015051,134,1,3,4,14.56669,323.48682
ODI0015062,112,1,1,2,-101.83811,316.24716
ODI0015066,222,2,2,2,-100.43085,-119.96808
ODI0015098,232,2,3,2,-42.63336,12.613205
ODI0015102,122,1,2,2,-78.363365,139.38478
ODI0015123,233,2,3,3,168.21677,251.87663
ODI0015130,214,2,1,4,-149.91081,196.8813
ODI0015134,111,1,1,1,-182.24348,13.583644
ODI0015143,111,1,1,1,-182.24348,13.583644
ODI0015161,111,1,1,1,-182.24348,13.583644
ODI0015168,224,2,2,4,-54.4785,217.67738
ODI0015174,124,1,2,4,-97.71254,223.49132
ODI0015187,122,1,2,2,-78.363365,139.38478
ODI0015196,112,1,1,2,-101.83811,316.24716
ODI0015201,244,2,4,4,81.86155,333.86258
ODI0015206,111,1,1,1,-182.24348,13.583644
ODI0015208,224,2,2,4,-54.4785,217.67738
ODI0015222,213,2,1,3,-208.53658,190.91986
ODI0015223,232,2,3,2,-42.63336,12.613205
ODI0015224,122,1,2,2,-78.363365,139.38478
ODI0015230,222,2,2,2,-100.43085,-119.96808
ODI0015234,112,1,1,2,-101.83811,316.24716
ODI0015239,234,2,3,4,39.9959,242.63818
ODI0015240,233,2,3,3,168.21677,251.87663
ODI0015249,212,2,1,2,-284.4847,158.05867
ODI0015250,111,1,1,1,-182.24348,13.583644
ODI0015256,111,1,1,1,-182.24348,13.583644
ODI0015269,132,1,3,2,-40.083015,68.992294
ODI0015271,112,1,1,2,-101.83811,316.24716
ODI0015274,234,2,3,4,47.993073,270.82135
ODI0015304,212,2,1,2,-284.4847,158.05867
ODI0015312,224,2,2,4,-54.4785,217.67738
ODI0015332,111,1,1,1,-182.24348,13.583644
ODI0015335,122,1,2,2,-78.363365,139.38478
ODI0015338,111,1,1,1,-182.24348,13.583644
ODI0015352,111,1,1,1,-182.24348,13.583644
ODI0015357,111,1,1,1,-182.24348,13.583644
ODI0015362,124,1,2,4,-98.090515,210.31416
ODI0015369,224,2,2,4,-54.4785,217.67738
ODI0015384,223,2,2,3,-169.71495,149.08568
ODI0015391,232,2,3,2,-42.63336,12.613205
ODI0015430,122,1,2,2,-78.33722,110.639915
ODI0015433,234,2,3,4,47.993073,270.82135
ODI0015441,132,1,3,2,-40.083015,68.992294
ODI0015457,122,1,2,2,-78.33722,110.639915
ODI0015458,212,2,1,2,-300.89374,139.39482
ODI0015459,234,2,3,4,39.9959,242.63818
ODI0015460,233,2,3,3,168.21677,251.87663
ODI0015469,222,2,2,2,-100.43085,-119.96808
ODI0015479,111,1,1,1,-182.24348,13.583644
ODI0015480,211,2,1,1,-217.21759,-166.33498
ODI0015481,111,1,1,1,-182.24348,13.583644
ODI0015486,222,2,2,2,-100.43085,-119.96808
ODI0015490,112,1,1,2,-101.83811,316.24716
ODI0015491,224,2,2,4,-46.88347,231.80856
ODI0015498,112,1,1,2,-101.83811,316.24716
ODI0015519,224,2,2,4,-46.88347,231.80856
ODI0015559,212,2,1,2,-300.89374,139.39482
ODI0015561,113,1,1,3,-189.64964,265.94858
ODI0015572,222,2,2,2,-100.43085,-119.96808
ODI0015573,244,2,4,4,81.86155,333.86258
ODI0015582,224,2,2,4,-54.4785,217.67738
ODI0015586,212,2,1,2,-284.4847,158.05867
ODI0015592,212,2,1,2,-284.4847,158.05867
ODI0015595,212,2,1,2,-284.4847,158.05867
ODI0015604,112,1,1,2,-101.83811,316.24716
ODI0015613,213,2,1,3,-223.18503,191.21555
ODI0015621,111,1,1,1,-182.24348,13.583644
ODI0015643,223,2,2,3,-169.71495,149.08568
ODI0015653,222,2,2,2,-96.076454,-77.00988
ODI0015657,113,1,1,3,-189.64964,265.94858
ODI0015659,222,2,2,2,-100.43085,-119.96808
ODI0015684,111,1,1,1,-182.24348,13.583644
ODI0015704,222,2,2,2,-100.43085,-119.96808
ODI0015705,222,2,2,2,-96.076454,-77.00988
ODI0015734,213,2,1,3,-208.53658,190.91986
ODI0015741,113,1,1,3,-189.64964,265.94858
ODI0015746,232,2,3,2,-42.63336,12.613205
ODI0015750,123,1,2,3,5.2905726,172.8351
ODI0015751,233,2,3,3,168.21677,251.87663
ODI0015763,111,1,1,1,-182.24348,13.583644
ODI0015765,111,1,1,1,-182.24348,13.583644
ODI0015813,112,1,1,2,-101.83811,316.24716
ODI0015836,111,1,1,1,-182.24348,13.583644
ODI0015867,111,1,1,1,-182.24348,13.583644
ODI0015893,122,1,2,2,-53.786865,124.70152
ODI0015911,134,1,3,4,14.56669,323.48682
ODI0015935,111,1,1,1,-182.24348,13.583644
ODI0015950,122,1,2,2,-53.786865,124.70152
ODI0015955,112,1,1,2,-101.83811,316.24716
ODI0015958,112,1,1,2,-101.83811,316.24716
ODI0015978,122,1,2,2,-53.786865,124.70152
ODI0015980,122,1,2,2,-53.786865,124.70152
ODI0015987,113,1,1,3,-189.64964,265.94858
ODI0015997,133,1,3,3,107.78511,210.34091
ODI0015999,112,1,1,2,-101.83811,316.24716
ODI0016036,112,1,1,2,-101.83811,316.24716
ODI0016037,111,1,1,1,-182.24348,13.583644
ODI0016042,114,1,1,4,-142.92032,233.13063
ODI0016055,133,1,3,3,107.78511,210.34091
ODI0016062,123,1,2,3,5.2905726,172.8351
ODI0016074,111,1,1,1,-182.24348,13.583644
ODI0016095,122,1,2,2,-78.33722,110.639915
ODI0016127,122,1,2,2,-78.33722,110.639915
ODI0016140,113,1,1,3,-189.64964,265.94858
ODI0016154,112,1,1,2,-73.857346,328.01773
ODI0016176,112,1,1,2,-73.857346,328.01773
ODI0016199,112,1,1,2,-73.857346,328.01773
ODI0016212,134,1,3,4,14.56669,323.48682
ODI0016238,134,1,3,4,14.56669,323.48682
ODI0016240,122,1,2,2,-78.33722,110.639915
ODI0016252,111,1,1,1,-182.24348,13.583644
ODI0016269,112,1,1,2,-73.857346,328.01773
ODI0016280,113,1,1,3,-189.64964,265.94858
ODI0016337,111,1,1,1,-182.24348,13.583644
ODI0016368,111,1,1,1,-182.24348,13.583644
ODI0016379,114,1,1,4,-142.92032,233.13063
ODI0016403,111,1,1,1,-182.24348,13.583644
ODI0016415,124,1,2,4,-98.090515,210.31416
ODI0016422,122,1,2,2,-78.363365,139.38478
ODI0016425,111,1,1,1,-182.24348,13.583644
ODI0016438,112,1,1,2,-101.83811,316.24716
ODI0016443,134,1,3,4,14.56669,323.48682
ODI0016444,111,1,1,1,-182.24348,13.583644
ODI0016478,111,1,1,1,-182.24348,13.583644
ODI0016489,111,1,1,1,-182.24348,13.583644
ODI0016543,111,1,1,1,-182.24348,13.583644
ODI0016559,122,1,2,2,-78.363365,139.38478
ODI0016576,123,1,2,3,-11.243987,177.46991
ODI0016611,111,1,1,1,-182.24348,13.583644
ODI0016648,122,1,2,2,-78.363365,139.38478
ODI0016668,111,1,1,1,-182.24348,13.583644
ODI0016683,111,1,1,1,-182.24348,13.583644
ODI0016686,123,1,2,3,5.2905726,172.8351
ODI0016727,112,1,1,2,-101.83811,316.24716
ODI0016731,122,1,2,2,-78.363365,139.38478
ODI0016808,111,1,1,1,-182.24348,13.583644
ODI0016818,112,1,1,2,-101.83811,316.24716
ODI0016819,112,1,1,2,-101.83811,316.24716
ODI0016847,122,1,2,2,-78.363365,139.38478
ODI0016855,124,1,2,4,-97.71254,223.49132
ODI0016867,111,1,1,1,-182.24348,13.583644
ODI0016900,112,1,1,2,-101.83811,316.24716
ODI0016921,111,1,1,1,-182.24348,13.583644
ODI0016980,122,1,2,2,-78.363365,139.38478
ODI0016989,112,1,1,2,-101.83811,316.24716
ODI0017000,114,1,1,4,-142.92032,233.13063
ODI0017089,122,1,2,2,-78.363365,139.38478
ODI0017105,111,1,1,1,-182.24348,13.583644
ODI0017116,111,1,1,1,-182.24348,13.583644
ODI0017156,111,1,1,1,-182.24348,13.583644
ODI0017159,111,1,1,1,-229.23187,34.217587
ODI0017184,111,1,1,1,-229.23187,34.217587
ODI0017221,111,1,1,1,-182.24348,13.583644
ODI0017242,111,1,1,1,-182.24348,13.583644
ODI0017247,111,1,1,1,-182.24348,13.583644
ODI0017286,111,1,1,1,-182.24348,13.583644
ODI0017301,111,1,1,1,-182.24348,13.583644
ODI0017306,122,1,2,2,-78.33722,110.639915
ODI0017331,111,1,1,1,-182.24348,13.583644
ODI0017358,123,1,2,3,-6.789836,160.92703
ODI0017375,111,1,1,1,-182.24348,13.583644
ODI0017377,122,1,2,2,-53.786865,124.70152
ODI0017382,111,1,1,1,-182.24348,13.583644
ODI0017408,111,1,1,1,-182.24348,13.583644
ODI0017410,123,1,2,3,-11.243987,177.46991
ODI0017531,123,1,2,3,-11.243987,177.46991
ODI0017588,111,1,1,1,-182.24348,13.583644
ODI0017609,111,1,1,1,-182.24348,13.583644
ODI0017666,111,1,1,1,-182.24348,13.583644
ODI0017690,111,1,1,1,-182.24348,13.583644
ODI0017702,112,1,1,2,-101.83811,316.24716
ODI0017705,111,1,1,1,-182.24348,13.583644
ODI0017741,111,1,1,1,-182.24348,13.583644
ODI0017762,111,1,1,1,-182.24348,13.583644
ODI0017839,111,1,1,1,-182.24348,13.583644
ODI0017925,112,1,1,2,-101.83811,316.24716
ODI0017944,122,1,2,2,-53.786865,124.70152
ODI0017966,112,1,1,2,-101.83811,316.24716
ODI0017989,111,1,1,1,-182.24348,13.583644
ODI0017994,112,1,1,2,-101.83811,316.24716
ODI0018040,111,1,1,1,-182.24348,13.583644
ODI0018046,114,1,1,4,-142.92032,233.13063
ODI0018070,111,1,1,1,-182.24348,13.583644
ODI0018116,122,1,2,2,-53.786865,124.70152
ODI0018276,111,1,1,1,-182.24348,13.583644
ODI0018278,122,1,2,2,-53.786865,124.70152
ODI0018290,112,1,1,2,-101.83811,316.24716
ODI0018292,111,1,1,1,-182.24348,13.583644
ODI0018296,111,1,1,1,-182.24348,13.583644
ODI0018300,122,1,2,2,-53.786865,124.70152
ODI0018318,123,1,2,3,-11.243987,177.46991
ODI0018347,111,1,1,1,-182.24348,13.583644
ODI0018466,111,1,1,1,-182.24348,13.583644
ODI0018468,111,1,1,1,-182.24348,13.583644
ODI0018485,112,1,1,2,-101.83811,316.24716
ODI0018495,111,1,1,1,-182.24348,13.583644
ODI0018649,123,1,2,3,5.2905726,172.8351
ODI0018693,112,1,1,2,-101.83811,316.24716
ODI0018732,112,1,1,2,-101.83811,316.24716
ODI0018804,112,1,1,2,-101.83811,316.24716
ODI0018811,111,1,1,1,-182.24348,13.583644
ODI0018907,113,1,1,3,-189.64964,265.94858
ODI0018952,111,1,1,1,-182.24348,13.583644
ODI0019026,113,1,1,3,-189.64964,265.94858
ODI0019057,113,1,1,3,-176.52492,275.90714
ODI0019062,111,1,1,1,-182.24348,13.583644
ODI0019182,112,1,1,2,-73.857346,328.01773
ODI0019195,112,1,1,2,-73.857346,328.01773
ODI0019202,111,1,1,1,-182.24348,13.583644
ODI0019240,111,1,1,1,-182.24348,13.583644
ODI0019243,111,1,1,1,-182.24348,13.583644
ODI0019244,112,1,1,2,-73.857346,328.01773
ODI0019280,123,1,2,3,-11.243987,177.46991
ODI0019294,122,1,2,2,-78.33722,110.639915
ODI0019306,111,1,1,1,-182.24348,13.583644
ODI0019310,114,1,1,4,-142.92032,233.13063
ODI0019332,111,1,1,1,-182.24348,13.583644
ODI0019371,111,1,1,1,-182.24348,13.583644
ODI0019394,112,1,1,2,-73.857346,328.01773
ODI0019398,114,1,1,4,-142.92032,233.13063
ODI0019400,111,1,1,1,-182.24348,13.583644
ODI0019465,114,1,1,4,-142.92032,233.13063
ODI0019472,113,1,1,3,-189.64964,265.94858
ODI0019479,112,1,1,2,-73.857346,328.01773
ODI0019556,112,1,1,2,-101.83811,316.24716
ODI0019558,111,1,1,1,-182.24348,13.583644
ODI0019578,112,1,1,2,-101.83811,316.24716
ODI0019587,114,1,1,4,-142.92032,233.13063
ODI0019655,122,1,2,2,-78.363365,139.38478
ODI0019660,114,1,1,4,-142.92032,233.13063
ODI0019678,114,1,1,4,-142.92032,233.13063
ODI0019680,111,1,1,1,-182.24348,13.583644
ODI0019720,123,1,2,3,5.2905726,172.8351
ODI0019727,112,1,1,2,-101.83811,316.24716
ODI0019754,112,1,1,2,-101.83811,316.24716
ODI0019777,113,1,1,3,-189.64964,265.94858
ODI0019847,112,1,1,2,-101.83811,316.24716
ODI0019860,111,1,1,1,-229.23187,34.217587
