"port_no","acc_no","port_value","cash_transaction","return_value"
"RB01","ODI0014684",7787.5,0,-212.5
"RB01","ODI0013820",53070.06,0,-1929.94
"RB01","ODI0001556",0,0,-13.72
"RB01","ODI0001134",2279.25,2279.25,-1899.56
"RB01","ODI0004307",0,0,-8.93
"RB01","ODI0004697",1506.32,0,-93.76
"RB01","ODI0001710",0,0,-176.4
"RB01","ODI0011027",204713.2,0,-10286.8
"RB01","ODI0012579",7807.98,0,-192.02
"RB01","ODI0009300",6724.61,0,-275.39
"RB01","ODI0010836",0,0,1.46
"RB01","ODI0014589",999.99,0,-0.01
"RB01","ODI0013928",0,0,-583.23
"RB01","ODI0006245",15580.02,0,-462.02
"RB01","ODI0000996",9616.49,0,-251.83
"RB01","ODI0005262",969.47,0,-30.53
"LT01","ODI0007909",964.3,0,-35.7
"RB01","ODI0000253",23767.73,0,-1232.27
"RB01","ODI0002501",1001.59,0,3.19
"RB01","ODI0001168",0,0,-201.94
"RB01","ODI0015765",1000.53,0,1.64
"RB01","ODI0001032",121914,0,-8086
"RB01","ODI0003005",0,0,-16.97
"RB01","ODI0000830",19707.11,0,-292.89
"RB01","ODI0005908",4785.66,0,-214.34
"RB01","ODI0013559",9234.01,0,-140.99
"LT01","ODI0011512",1938.83,0,-61.17
"RB01","ODI0012601",0,0,-31.82
"RB01","ODI0011767",7759.95,0,-240.05
"LT01","ODI0000247",4814.72,0,-185.28
"RB01","ODI0000083",33.16,0,135.24
"RB01","ODI0001555",0,0,42.25
"RB01","ODI0002794",23977.97,0,-1022.03
"RB01","ODI0000765",9617.23,0,-382.77
"RB01","ODI0002516",23.67,0,-13.96
"RB01","ODI0007749",0,0,-0.61
"RB01","ODI0000623",15744.42,0,-755.58
"RB01","ODI0009797",13289.02,0,-710.98
"RB01","ODI0006976",0,0,-39.59
"RB01","ODI0007526",4948.87,0,-51.13
"RB01","ODI0014675",1919.13,0,-80.87
"RB01","ODI0008977",10550.2,0,-449.8
"RB01","ODI0011998",0,0,-548.14
"RB01","ODI0001473",190736.51,0,-9263.49
"LT01","ODI0018296",1008.21,0,8.21
"RB01","ODI0001359",8489.12,0,-455.65
"RB01","ODI0009696",109678.02,0,-5321.98
"RB01","ODI0014311",23565.5,0,-434.5
"LT01","ODI0013250",9617.32,0,-382.68
"RB01","ODI0006818",9725.99,0,-274.01
"RB01","ODI0006442",82326.85,0,-4673.15
"RB01","ODI0000994",51988.84,0,-3011.16
"RB01","ODI0002563",6504.86,0,-495.14
"RB01","ODI0017375",1000.31,1000.31,0.31
"RB01","ODI0012653",16900.47,0,-599.53
"RB01","ODI0009596",6612.8,0,-387.2
"RB01","ODI0005177",0,0,8.4
"RB01","ODI0005478",3934.07,0,-65.93
"RB01","ODI0012368",37988.21,0,-1011.79
"RB01","ODI0013776",9677.91,0,-322.09
"RB01","ODI0001586",0,0,-96.36
"RB01","ODI0019655",5990.52,0,-9.48
"RB01","ODI0010758",0,0,-300.62
"RB01","ODI0013828",9702.67,0,-297.33
"RB01","ODI0000977",191630.38,0,-8228.56
"RB01","ODI0011320",4890.54,0,-109.46
"LT01","ODI0014070",1914.83,0,-85.17
"RB01","ODI0001349",19653.64,0,-346.36
"RB01","ODI0012612",7724.88,0,-275.12
"RB01","ODI0015206",0,0,-388.04
"RB01","ODI0002037",10349.29,0,-650.71
"RB01","ODI0008798",9793.47,0,-206.53
"LT01","ODI0015098",1906.01,0,-93.99
"RB01","ODI0006264",0,0,-9.11
"LT01","ODI0018116",10069.25,0,69.25
"RB01","ODI0005340",4800.69,0,-199.31
"RB01","ODI0012918",5828.43,0,-171.57
"RB01","ODI0013700",2989.19,0,-10.81
"RB01","ODI0011347",10426.1,0,-573.9
"RB01","ODI0002316",0,0,-109.97
"RB01","ODI0001040",9802.41,0,-197.59
"RB01","ODI0005181",8475.12,0,-524.88
"LT01","ODI0013448",9571.33,0,-428.67
"RB01","ODI0007914",0,0,-18.81
"RB01","ODI0012443",67209.9,0,-2790.1
"RB01","ODI0015559",4956.58,0,-43.42
"RB01","ODI0005474",0,0,0.3
"RB01","ODI0013826",6457.92,0,-42.08
"RB01","ODI0002004",5667.77,0,-332.23
"RB01","ODI0011325",0,0,1.73
"MK01","ODI0000831",3098.86,0,98.86
"RB01","ODI0011276",5864.7,0,-135.3
"RB01","ODI0014939",12679.16,0,-320.84
"RB01","ODI0015362",101800.55,0,-3199.45
"RB01","ODI0014194",10974.57,0,-275.43
"RB01","ODI0014928",5920.12,0,-79.88
"RB01","ODI0015734",9891.33,0,-108.67
"RB01","ODI0005544",9573.86,0,-426.14
"RB01","ODI0015498",5000,0,0
"RB01","ODI0011725",6821.3,0,-178.7
"RB01","ODI0008843",0,0,-168.96
"RB01","ODI0005883",38245.41,0,-1754.59
"RB01","ODI0001154",14286.25,0,-713.75
"RB01","ODI0000684",7093.03,0,-306.97
"RB01","ODI0000799",219.49,0,-727.19
"RB01","ODI0013626",9794.01,0,-205.99
"RB01","ODI0000928",28957.43,0,-1042.57
"RB01","ODI0014173",4935.14,0,-64.86
"RB01","ODI0016686",7122.18,0,-77.82
"LT01","ODI0001906",931.81,0,-68.19
"RB01","ODI0008917",0,0,12.37
"RB01","ODI0011950",0,0,-24.63
"LT01","ODI0002746",2879.92,0,-120.08
"RB01","ODI0006804",18975.99,0,-1024.01
"MK01","ODI0009673",491.63,0,-8.37
"MK01","ODI0011245",503.11,0,3.11
"RB01","ODI0009243",14526.26,0,-473.74
"RB01","ODI0017089",5952.79,0,-47.21
"RB01","ODI0011425",11409.01,0,-590.99
"RB01","ODI0007087",36849.51,0,-650.49
"RB01","ODI0015161",1001.34,0,1.34
"RB01","ODI0001601",60578.05,0,-3743.78
"LT01","ODI0001296",931.81,0,-68.19
"RB01","ODI0003565",0,0,-48.53
"RB01","ODI0015256",1000.55,0,0.55
"RB01","ODI0002461",42853.92,8064.46,-2146.08
"RB01","ODI0004846",18259.14,0,-740.86
"RB01","ODI0006210",1001.34,0,16.78
"RB01","ODI0002787",3908.8,0,-91.2
"RB01","ODI0017306",6946.12,0,-53.88
"RB01","ODI0007022",1939.45,0,-60.55
"RB01","ODI0015746",3484.15,0,-15.85
"RB01","ODI0013548",38928.66,0,-1071.34
"RB01","ODI0014575",1000.37,0,0.37
"RB01","ODI0015458",4961.15,0,-38.85
"RB01","ODI0004717",28517.69,0,-1482.31
"RB01","ODI0017702",5000,0,0
"LT01","ODI0006923",961.5,0,-38.5
"RB01","ODI0008856",5975.85,0,-24.15
"RB01","ODI0016280",9688.02,2803.16,-311.98
"RB01","ODI0005454",19172.52,0,-827.48
"RB01","ODI0002362",0,0,-3.81
"RB01","ODI0014297",1001.82,0,1.82
"RB01","ODI0007763",13504.52,0,-495.48
"RB01","ODI0011527",7738.22,0,-261.78
"RB01","ODI0013807",999.99,0,-0.01
"RB01","ODI0002951",10568,0,-432
"RB01","ODI0017588",1000.55,0,0.55
"RB01","ODI0003749",23863.92,0,-1136.08
"RB01","ODI0015066",1980.49,0,-19.51
"LT01","ODI0016808",975.92,0,-24.08
"LT01","ODI0001499",947.88,0,-52.12
"RB01","ODI0002392",49137.2,0,-2862.8
"RB01","ODI0001200",12375.8,0,-624.2
"RB01","ODI0012514",5830.27,0,-169.73
"RB01","ODI0007546",13702.74,0,-597.26
"RB01","ODI0013981",4891.13,0,-108.87
"RB01","ODI0015460",11669.06,0,-330.94
"RB01","ODI0010863",5901.79,0,-98.21
"RB01","ODI0002830",0,0,2.18
"RB01","ODI0000770",4949.54,0,13.47
"RB01","ODI0003482",13970.43,0,-1029.57
"RB01","ODI0008138",4850.35,0,-149.65
"RB01","ODI0011671",17599.41,0,-1000.59
"RB01","ODI0007621",7806.94,0,-193.06
"RB01","ODI0007538",4225.62,0,-224.81
"RB01","ODI0012249",999.99,0,-0.01
"RB01","ODI0007805",36124.39,0,-1375.61
"RB01","ODI0010883",0,0,-66.2
"RB01","ODI0011478",23673.59,0,-1326.41
"LT01","ODI0014525",1916.53,0,-83.47
"RB01","ODI0006916",0,0,-266.01
"RB01","ODI0005733",0,0,-87.47
"RB01","ODI0004131",13.83,0,-117.31
"RB01","ODI0010797",8489.84,0,-410.16
"LT01","ODI0013535",947.88,0,-52.12
"RB01","ODI0009494",34981.04,0,-1018.96
"RB01","ODI0011196",1949.61,0,-50.39
"RB01","ODI0004200",0,0,-78.75
"RB01","ODI0012062",4431.85,0,-68.15
"LT01","ODI0019057",10097.23,0,117.23
"RB01","ODI0000730",0,0,-306.73
"RB01","ODI0001297",9797.54,0,-202.46
"RB01","ODI0004752",1997.55,0,-2.45
"LT01","ODI0002674",58535.67,0,-1464.33
"RB01","ODI0006864",9720.32,0,-279.68
"RB01","ODI0000270",56471.46,0,-3528.54
"RB01","ODI0004360",16364.04,0,-635.96
"RB01","ODI0008550",1937.82,1937.82,-86.54
"RB01","ODI0015469",5976.8,0,-14.5
"RB01","ODI0007330",37031.06,0,-968.94
"RB01","ODI0011038",19229.65,0,-770.35
"RB01","ODI0010654",4846.34,0,-153.66
"RB01","ODI0013609",4935.14,0,-64.86
"RB01","ODI0001823",12579.52,0,-420.48
"RB01","ODI0005824",12158.79,0,-841.21
"RB01","ODI0003336",9883.57,0,-116.43
"RB01","ODI0003334",0,0,-112.32
"RB01","ODI0003251",2897.87,0,-102.13
"RB01","ODI0005434",8637.55,0,-362.45
"RB01","ODI0002115",9635.26,0,-364.74
"RB01","ODI0002551",9.49,0,-112.89
"RB01","ODI0015016",2001.56,0,1.56
"RB01","ODI0000325",4874.69,0,-125.31
"RB01","ODI0003886",9632.77,0,-367.23
"RB01","ODI0000381",0,0,-55.49
"RB01","ODI0001529",32.83,0,-105.61
"RB01","ODI0016036",4898.1,0,-101.9
"RB01","ODI0004505",9732.21,0,-267.79
"RB01","ODI0007182",1963.09,0,-36.91
"RB01","ODI0008942",7838.27,0,-161.73
"RB01","ODI0010901",4691.72,0,-308.28
"RB01","ODI0016900",4978.87,0,-21.13
"RB01","ODI0002374",2002.5,0,2.5
"RB01","ODI0001587",6696.6,0,-303.4
"RB01","ODI0002667",0,0,-229.98
"LT01","ODI0009146",49590.68,0,-409.32
"RB01","ODI0002371",9839.36,0,-160.64
"RB01","ODI0013342",0,0,0.13
"RB01","ODI0000082",23553.29,0,-1446.71
"RB01","ODI0017408",1000.55,0,0.55
"RB01","ODI0002172",0,0,-239.91
"RB01","ODI0008953",1006.18,0,6.18
"RB01","ODI0009161",132692.25,0,-7307.75
"RB01","ODI0007123",4828.75,0,-171.25
"RB01","ODI0009678",26216.45,0,-1283.55
"LT01","ODI0014211",14391.27,0,-608.73
"RB01","ODI0007823",0,0,-182.41
"RB01","ODI0007527",0,0,-112.94
"RB01","ODI0005468",21901.59,0,-598.41
"RB01","ODI0000630",90519.22,0,-4426.24
"RB01","ODI0007273",15368.34,0,-631.66
"RB01","ODI0016559",6941.47,0,-58.53
"RB01","ODI0009396",54419.95,0,-3580.05
"RB01","ODI0006634",4987.62,0,-12.38
"RB01","ODI0002956",0,0,-90.03
"RB01","ODI0005309",33955.22,0,-1044.78
"RB01","ODI0000337",14415.54,0,-584.46
"RB01","ODI0000990",58665.28,1120,-4125.55
"RB01","ODI0002199",9377.39,0,-629.2
"MK01","ODI0014211",9680.07,0,180.07
"RB01","ODI0000525",19890.19,0,-1109.81
"RB01","ODI0007456",0,0,-140.23
"RB01","ODI0001110",3499.02,0,-495.92
"RB01","ODI0005863",19063.11,0,-936.89
"LT01","ODI0011481",10359.18,0,-640.82
"RB01","ODI0008034",0,0,-2224.06
"RB01","ODI0006114",99714.49,0,-5285.51
"RB01","ODI0004284",23987.98,0,-1012.02
"RB01","ODI0002870",0,0,5.05
"RB01","ODI0008044",25943.05,0,-1056.95
"RB01","ODI0019465",59776.53,0,-223.47
"RB01","ODI0001921",0,0,0.64
"RB01","ODI0010865",2003.71,0,3.71
"LT01","ODI0011251",5727.69,0,-272.31
"RB01","ODI0013445",4881.93,0,-118.07
"RB01","ODI0006038",6790.31,0,-209.69
"RB01","ODI0000151",38542.01,0,-1457.99
"RB01","ODI0002355",7519.65,0,-480.35
"RB01","ODI0000760",12263.76,0,-736.24
"RB01","ODI0008579",0,0,-28.08
"RB01","ODI0010411",13570.69,0,-929.31
"RB01","ODI0009560",7258.46,0,-241.54
"RB01","ODI0012169",149286.34,0,-5713.66
"RB01","ODI0012244",19196.08,0,-803.92
"RB01","ODI0001219",174564.37,0,-7935.63
"RB01","ODI0012819",1996.68,0,-51.18
"RB01","ODI0003069",9675.02,0,-324.98
"RB01","ODI0004461",23943.12,0,-1056.88
"RB01","ODI0019754",4982.35,0,-17.65
"RB01","ODI0019678",44892.77,0,-107.23
"RB01","ODI0012855",8832.13,0,-167.87
"RB01","ODI0000339",7738,0,-262
"RB01","ODI0007677",15553.87,0,-946.13
"RB01","ODI0009952",1980.49,0,-19.51
"LT01","ODI0019860",1000,0,0
"RB01","ODI0011885",129953.91,0,-10046.09
"RB01","ODI0009016",13507.21,0,-492.79
"RB01","ODI0007042",999.99,0,-0.01
"RB01","ODI0003973",0,0,-141.83
"LT01","ODI0013744",20820.09,0,-1179.91
"RB01","ODI0001448",24280.59,0,-719.41
"RB01","ODI0012614",8864.23,0,-335.77
"RB01","ODI0002561",1996.68,0,-134.83
"LT01","ODI0017301",985.17,0,-14.83
"RB01","ODI0000089",0,0,-5.08
"RB01","ODI0006188",445.5,445.5,-292.34
"RB01","ODI0003295",37726.34,0,-1273.66
"RB01","ODI0016867",990.04,0,-9.96
"RB01","ODI0001343",10636.89,0,-363.11
"LT01","ODI0001253",6034.83,0,34.83
"RB01","ODI0002210",1916.44,0,-83.56
"RB01","ODI0015997",8873.36,0,-126.64
"RB01","ODI0003710",19811.11,0,-188.89
"RB01","ODI0011235",996.76,0,-1.49
"LT01","ODI0008809",964.3,0,-35.7
"RB01","ODI0015051",34043.22,0,-956.78
"RB01","ODI0007205",7868.7,0,-131.3
"RB01","ODI0009192",2940.63,0,-59.37
"RB01","ODI0007331",5874.21,0,-125.79
"RB01","ODI0007581",4853.97,0,-146.03
"RB01","ODI0011854",7653.11,0,-346.89
"RB01","ODI0000103",0,0,-7.1
"RB01","ODI0000834",0,0,-15.31
"LT01","ODI0003311",4871.33,0,-128.67
"RB01","ODI0013136",1004.99,0,4.99
"RB01","ODI0003249",5686.27,0,-313.73
"LT01","ODI0014993",30214.98,0,214.98
"RB01","ODI0002820",28580.83,0,-1419.17
"RB01","ODI0012286",77264.75,0,-2735.25
"RB01","ODI0000611",61758.82,0,-3241.18
"RB01","ODI0005512",13389.54,0,-610.46
"RB01","ODI0002786",0,0,-149.86
"RB01","ODI0001176",4968.21,0,-31.79
"LT01","ODI0000271",964.43,0,-35.57
"RB01","ODI0014667",11797.59,0,-202.41
"RB01","ODI0002688",22006.81,0,-993.19
"MK01","ODI0001085",543.57,0,43.57
"RB01","ODI0000738",19.41,0,44.44
"RB01","ODI0006260",0,0,1.29
"RB01","ODI0002030",35246.68,0,-1753.32
"RB01","ODI0013979",9971.55,0,-27.5
"RB01","ODI0006216",37815.37,0,-2184.63
"LT01","ODI0017762",19836.28,0,-163.72
"RB01","ODI0004021",4465.12,0,-563.6
"RB01","ODI0019847",5000,0,0
"RB01","ODI0006986",52357.33,0,-3642.67
"RB01","ODI0008207",0,0,1.37
"RB01","ODI0005999",5263.61,0,-236.39
"RB01","ODI0016855",107343.18,0,-1656.82
"LT01","ODI0005603",9663.39,0,-336.61
"RB01","ODI0013575",0,0,-147.59
"RB01","ODI0006729",1006.18,0,6.18
"RB01","ODI0013694",102653.51,0,-1346.49
"LT01","ODI0018040",29428.14,0,-571.86
"RB01","ODI0004271",9454.84,0,-545.16
"LT01","ODI0017666",979.6,0,-20.4
"LT01","ODI0019243",40286.67,0,286.67
"RB01","ODI0008341",987.17,0,16.95
"RB01","ODI0015208",19542.8,0,-457.2
"LT01","ODI0000202",2870.32,0,-129.68
"RB01","ODI0007404",699.48,699.48,-339.54
"RB01","ODI0014828",3969.93,3969.93,-19.61
"LT01","ODI0016727",1470.02,0,-29.98
"RB01","ODI0007113",5855.62,0,-208.82
"RB01","ODI0002441",6784.28,0,-215.72
"RB01","ODI0011201",3980.63,0,-19.37
"RB01","ODI0000528",148011.96,0,-7988.04
"RB01","ODI0017382",995.02,0,-4.98
"LT01","ODI0006211",1920.37,0,-79.63
"LT01","ODI0017159",975.92,0,-24.08
"LT01","ODI0011473",9491.29,0,-508.71
"RB01","ODI0009989",18464.31,0,-535.69
"RB01","ODI0007917",8554.05,0,-445.95
"RB01","ODI0000104",0,0,0.2
"RB01","ODI0000811",12399.29,0,-600.71
"RB01","ODI0007434",23014.11,0,-985.89
"LT01","ODI0005957",950.4,0,-49.6
"RB01","ODI0000080",0.08,0,0.08
"RB01","ODI0010942",9430.54,0,-569.46
"LT01","ODI0017358",4903.14,0,-96.86
"RB01","ODI0015704",5863.73,0,-136.27
"RB01","ODI0008420",4873.58,0,-126.42
"RB01","ODI0010953",9408.7,0,-591.3
"RB01","ODI0002157",28641.44,0,-858.56
"RB01","ODI0003956",0,0,-0.46
"RB01","ODI0006623",8737.24,0,-262.76
"RB01","ODI0011394",2879.32,0,-129.8
"RB01","ODI0008187",3998.74,0,-1.26
"RB01","ODI0002577",28604.84,0,-1395.16
"RB01","ODI0002644",4749.21,0,-250.79
"RB01","ODI0015459",39478.88,0,-521.12
"RB01","ODI0001486",76820.95,0,-3179.05
"RB01","ODI0006279",97368.62,0,-2631.38
"LT01","ODI0015168",48624.27,0,-1375.73
"RB01","ODI0001446",21139.71,0,-860.29
"RB01","ODI0001401",9577.22,0,-422.78
"RB01","ODI0000218",68031.87,0,-1968.13
"RB01","ODI0001198",159952.26,0,-10047.74
"RB01","ODI0019062",999.99,0,-0.01
"RB01","ODI0000840",10572.96,0,-427.04
"RB01","ODI0002607",1004.99,0,4.99
"RB01","ODI0005319",0,0,-479.99
"RB01","ODI0010519",0,0,-3437.01
"RB01","ODI0005329",9672.27,0,-327.73
"RB01","ODI0003776",14341.82,0,-658.18
"RB01","ODI0004481",14.8,0,-190.32
"RB01","ODI0004478",5221.76,0,-273.39
"RB01","ODI0003092",1897.33,0,-102.67
"RB01","ODI0007029",0,0,-226.31
"RB01","ODI0017000",40078.7,0,78.7
"RB01","ODI0004334",0,0,-0.2
"LT01","ODI0015958",1960.29,0,-39.71
"RB01","ODI0003372",19142.25,0,-857.75
"RB01","ODI0016062",9841.15,0,-158.85
"RB01","ODI0009763",0,0,-77.87
"RB01","ODI0014498",4910.17,0,-89.83
"RB01","ODI0005996",14.11,0,-172.87
"RB01","ODI0003049",10553.68,0,-446.32
"RB01","ODI0011717",1955.55,0,-44.45
"RB01","ODI0003484",1000,0,0
"LT01","ODI0019558",50608.18,0,608.18
"RB01","ODI0007586",16356.1,0,-643.9
"RB01","ODI0000474",9702.57,0,-297.43
"RB01","ODI0004970",12513.42,0,-486.58
"RB01","ODI0011910",14411.12,0,-588.88
"RB01","ODI0012481",7832.48,0,-167.52
"LT01","ODI0017690",29438.4,0,-561.6
"RB01","ODI0007409",27801.68,0,-1198.32
"RB01","ODI0000164",19126.51,0,-873.49
"RB01","ODI0003751",355.72,0,-6866.38
"RB01","ODI0011417",47890.07,0,-2109.93
"RB01","ODI0007969",1995.34,0,-4.66
"RB01","ODI0012192",51104.14,0,-2645.86
"RB01","ODI0013104",19270.34,0,-729.66
"RB01","ODI0009697",0,0,-369.62
"LT01","ODI0018804",5052.5,0,52.5
"RB01","ODI0014469",9945.74,0,-54.26
"LT01","ODI0012161",3895.94,0,-104.06
"RB01","ODI0012936",10211.51,0,-288.49
"RB01","ODI0002107",7937.05,0,-62.95
"RB01","ODI0000981",5761.5,0,-238.5
"RB01","ODI0014481",6884.57,0,-115.43
"LT01","ODI0014703",3812.42,0,-187.58
"RB01","ODI0005059",9677.58,0,-322.42
"RB01","ODI0014446",14455.01,0,-544.99
"RB01","ODI0013489",9652.73,0,-347.27
"RB01","ODI0013039",2460.88,0,-251.57
"RB01","ODI0014120",4902.67,0,-97.33
"RB01","ODI0006291",12487.62,0,-512.38
"RB01","ODI0006193",16.67,0,-67.99
"RB01","ODI0002302",10448.54,0,-551.46
"LT01","ODI0007813",931.81,0,-68.19
"RB01","ODI0010508",32660.21,0,-2339.79
"RB01","ODI0008055",0,0,-63.85
"RB01","ODI0015519",44339.84,0,-660.16
"RB01","ODI0002285",0,0,-164.37
"RB01","ODI0014685",12833.37,0,-166.63
"RB01","ODI0005148",14169.88,0,-830.12
"RB01","ODI0000129",0,0,100.27
"RB01","ODI0005041",24393.95,0,-1606.05
"LT01","ODI0015763",50458.27,0,458.27
"RB01","ODI0001883",4958.55,0,-101.92
"RB01","ODI0018278",6913.25,0,-86.75
"RB01","ODI0000508",39415.59,0,-584.41
"RB01","ODI0001646",2977.96,0,-22.04
"RB01","ODI0000901",24147.78,0,-852.22
"RB01","ODI0000277",28509.19,0,-1490.81
"RB01","ODI0003744",143146.03,0,-6853.97
"RB01","ODI0003877",9843.74,0,-444.32
"RB01","ODI0003975",8830.68,0,-169.32
"RB01","ODI0004422",4871.47,0,-128.53
"RB01","ODI0005894",4867.97,0,-132.03
"RB01","ODI0000930",4874.56,0,-129.48
"RB01","ODI0002992",1891.97,0,-61.36
"RB01","ODI0002225",16358.27,0,-641.73
"RB01","ODI0009029",0,0,29.62
"RB01","ODI0013722",24560.64,0,-439.36
"RB01","ODI0000862",45192.06,0,-1807.94
"RB01","ODI0000376",19102.38,0,-897.62
"RB01","ODI0018046",99299.56,0,-700.44
"LT01","ODI0011433",964.43,0,-35.57
"RB01","ODI0016731",5933.79,0,-66.21
"RB01","ODI0013738",4657.27,0,-354.43
"RB01","ODI0004051",4818.42,0,-181.58
"RB01","ODI0015102",1978.63,0,-21.37
"RB01","ODI0000438",10649.17,0,-350.83
"RB01","ODI0007373",0,0,-109.73
"RB01","ODI0012861",20791.99,0,-708.01
"RB01","ODI0005635",6610.62,0,-389.38
"RB01","ODI0011945",8697.36,0,-302.64
"RB01","ODI0001109",5821.08,0,-178.92
"RB01","ODI0009060",12308.88,0,-691.12
"RB01","ODI0003189",9676.5,0,-323.5
"RB01","ODI0013004",2944.07,0,-55.93
"RB01","ODI0014204",22372.32,0,-515.68
"RB01","ODI0000933",0,0,-58.28
"RB01","ODI0003893",0,0,-154.1
"RB01","ODI0015433",63643.05,0,-1356.95
"RB01","ODI0011944",3895.02,0,-104.98
"RB01","ODI0001128",170136.7,0,-4256.26
"RB01","ODI0004069",4592.87,0,-407.13
"RB01","ODI0010538",6119.15,0,-130.85
"RB01","ODI0001819",22.09,0,-79.76
"RB01","ODI0003214",10450.84,0,-549.16
"RB01","ODI0014987",58959.82,10528.71,-1040.18
"RB01","ODI0009101",3927.63,0,-72.37
"RB01","ODI0001877",21977.07,0,-1022.93
"RB01","ODI0001049",7594.19,0,-405.81
"LT01","ODI0001973",1898.28,0,-101.72
"RB01","ODI0012326",0,0,-79.28
"RB01","ODI0008775",0,0,-57.87
"RB01","ODI0004749",1523.96,0,-38.54
"RB01","ODI0001594",4948.87,0,-51.13
"RB01","ODI0010902",4819.49,0,-180.51
"LT01","ODI0016252",950.4,0,-49.6
"LT01","ODI0011775",6388.97,0,-286.03
"RB01","ODI0000759",4649.42,0,-350.58
"RB01","ODI0010503",0,0,-310.08
"RB01","ODI0010493",0,0,-39.93
"RB01","ODI0008392",12361.43,0,-638.57
"RB01","ODI0005717",9693.64,0,-306.36
"RB01","ODI0007600",5904.87,0,-95.13
"RB01","ODI0004662",108680.68,0,-7319.32
"LT01","ODI0012465",40286.67,0,286.67
"RB01","ODI0012203",6783.55,0,-216.45
"RB01","ODI0004584",10761.89,0,-238.11
"RB01","ODI0007367",8857.68,0,-142.32
"RB01","ODI0009583",28807.83,0,-1192.17
"RB01","ODI0002137",4877.03,0,-122.97
"LT01","ODI0003006",1911.32,0,-88.68
"RB01","ODI0000806",0,0,-40.31
"RB01","ODI0001481",14196.56,0,-803.44
"RB01","ODI0006639",7615.87,0,-384.13
"RB01","ODI0001452",241808.37,0,-7801.73
"LT01","ODI0002859",3806.94,0,-193.06
"RB01","ODI0016269",4896.48,0,-103.52
"RB01","ODI0007139",999.99,0,-0.01
"RB01","ODI0004767",15115,0,-885
"RB01","ODI0008685",38027.95,5009.04,-1972.05
"LT01","ODI0014712",973.59,0,-26.41
"RB01","ODI0015980",1995.34,0,-4.66
"RB01","ODI0000147",334763.39,0,-14889.89
"RB01","ODI0010469",9876.29,0,-123.71
"RB01","ODI0006775",24270.2,0,-729.8
"RB01","ODI0003815",13062.23,0,-437.77
"RB01","ODI0009027",9594.09,0,-405.91
"RB01","ODI0000625",14886.93,0,-1113.07
"RB01","ODI0001802",10746.79,0,-253.21
"RB01","ODI0008901",999.99,0,-0.01
"RB01","ODI0011847",1000,0,0
"RB01","ODI0005735",48679.81,0,-1320.19
"RB01","ODI0015271",4982.35,0,-17.65
"RB01","ODI0000067",129209.45,0,-5790.55
"RB01","ODI0005872",1996.76,0,-343.23
"RB01","ODI0007543",8743.62,0,-256.38
"RB01","ODI0001150",9563.8,0,-436.2
"RB01","ODI0018290",4987.62,0,-12.38
"RB01","ODI0008519",0,0,-0.04
"RB01","ODI0011529",0,0,-25.73
"RB01","ODI0004044",0,0,-149.87
"LT01","ODI0005790",964.3,0,-35.7
"LT01","ODI0019400",1007.65,0,7.65
"RB01","ODI0001235",4919.44,0,-80.56
"RB01","ODI0015486",2003.71,0,3.71
"RB01","ODI0004008",20679.92,0,-1320.08
"RB01","ODI0000739",62996.88,0,-3003.12
"RB01","ODI0002515",4325652.13,0,-174347.87
"RB01","ODI0005558",14485.16,0,-514.84
"RB01","ODI0009495",19272.94,0,-727.06
"RB01","ODI0004855",24443.34,0,-556.66
"RB01","ODI0008203",212533.3,0,-12466.7
"RB01","ODI0001639",22.09,0,61.32
"RB01","ODI0003941",227343.37,0,-2135.66
"RB01","ODI0007134",6765.97,0,-234.03
"RB01","ODI0000177",9604.89,0,-395.11
"RB01","ODI0015384",14749.15,0,-250.85
"RB01","ODI0013616",7896.89,0,-103.11
"RB01","ODI0005845",52611.49,0,-2388.51
"RB01","ODI0002398",3711.37,0,-842.69
"RB01","ODI0005842",28896.68,0,-1103.32
"LT01","ODI0019472",10069.25,0,69.25
"RB01","ODI0007569",0,0,-236.8
"RB01","ODI0006618",21855.44,0,-1144.56
"LT01","ODI0013230",48428.22,0,-1571.78
"RB01","ODI0011525",4784.7,0,-215.3
"RB01","ODI0001848",42.72,0,12.39
"RB01","ODI0003667",3927.74,0,-72.26
"RB01","ODI0011272",2977.4,0,-22.6
"LT01","ODI0013536",19138.46,0,-861.54
"LT01","ODI0008025",4747,0,-253
"RB01","ODI0007739",48205.2,0,-1794.8
"RB01","ODI0019777",9964.17,0,-35.83
"RB01","ODI0010105",4906.13,0,-93.87
"RB01","ODI0016415",54003.76,0,-996.24
"RB01","ODI0005241",11535.89,0,-464.11
"RB01","ODI0000529",1009.85,0,9.85
"RB01","ODI0004640",8665.58,0,-334.42
"RB01","ODI0013617",19322.83,0,-677.17
"RB01","ODI0010896",2476.4,0,-23.6
"RB01","ODI0013929",7709.13,0,-290.87
"RB01","ODI0004547",1996.68,0,-35.95
"RB01","ODI0000256",11384.37,0,-615.63
"RB01","ODI0013462",62036.7,0,-1515.3
"RB01","ODI0011709",156818.73,0,-6931.27
"RB01","ODI0013692",11533.53,0,-466.47
"RB01","ODI0013133",0,0,1.55
"RB01","ODI0015223",6855.83,0,-144.17
"RB01","ODI0008891",999.99,0,-0.01
"RB01","ODI0003842",1995.34,0,-4.66
"LT01","ODI0016989",982.57,0,-17.43
"RB01","ODI0000090",0,0,-3.81
"RB01","ODI0007056",5971.93,0,-28.07
"LT01","ODI0005574",60040.91,0,40.91
"RB01","ODI0001241",29.33,0,-1285.59
"RB01","ODI0005937",28731.15,0,-1268.85
"LT01","ODI0005496",2839,0,-161
"RB01","ODI0002511",4916.46,0,-90.51
"LT01","ODI0004070",990.87,0,-9.13
"LT01","ODI0017242",1988.22,0,-11.78
"RB01","ODI0012954",5922.4,0,-77.6
"RB01","ODI0005677",0,0,-14.39
"RB01","ODI0011624",6638.43,0,-361.57
"RB01","ODI0003439",3878.1,0,-121.9
"RB01","ODI0001280",96964.45,7124.19,-3035.55
"RB01","ODI0012267",12657.6,0,-342.4
"RB01","ODI0007429",196056.9,0,-8943.1
"RB01","ODI0011427",11001.2,1629.16,-998.8
"RB01","ODI0011991",98512.7,0,-4487.3
"RB01","ODI0011601",0,0,0.24
"RB01","ODI0008587",0,0,-63.43
"RB01","ODI0003206",18.22,0,-315.26
"RB01","ODI0006671",5821.33,0,-178.67
"RB01","ODI0012746",13409.89,0,-590.11
"RB01","ODI0006301",0,0,-366.14
"RB01","ODI0014701",7793.28,0,-206.72
"RB01","ODI0011140",99006.95,0,-6993.05
"RB01","ODI0004529",7772.96,0,-227.04
"RB01","ODI0008126",12804.61,0,-195.39
"RB01","ODI0006325",5953.18,0,-551.47
"RB01","ODI0016055",14761.22,0,-238.78
"RB01","ODI0001554",32.95,0,60.77
"RB01","ODI0003089",0,0,-29.79
"RB01","ODI0015332",1000.55,0,0.55
"RB01","ODI0000475",0,0,-348.86
"LT01","ODI0018070",295122.55,0,-4877.45
"RB01","ODI0009374",108038.2,0,-3461.8
"RB01","ODI0007080",4876.46,0,-123.54
"RB01","ODI0003862",0,0,-14.09
"RB01","ODI0013367",24329.47,0,-670.53
"RB01","ODI0008634",0,0,-22.52
"RB01","ODI0013344",32245.7,0,-266.63
"LT01","ODI0011578",1918.87,0,-81.13
"RB01","ODI0011223",6687.39,0,-312.61
"RB01","ODI0003634",3632.48,0,-117.52
"RB01","ODI0001143",26137.44,0,-862.56
"RB01","ODI0001048",4898.1,0,-101.9
"RB01","ODI0003244",13722.68,0,-777.32
"RB01","ODI0002850",28689.03,0,-1310.97
"RB01","ODI0014057",10875.4,0,-124.6
"LT01","ODI0002567",973.59,0,-26.41
"RB01","ODI0013033",77642.55,0,-2357.45
"RB01","ODI0009774",137987.15,0,-10012.85
"RB01","ODI0001415",9697.96,0,-302.04
"RB01","ODI0011536",53464.83,0,-1535.17
"RB01","ODI0000960",19144.3,0,-855.7
"RB01","ODI0002187",143575.62,0,-6424.38
"RB01","ODI0006440",4763.11,0,-236.89
"RB01","ODI0005836",9515.47,0,-484.53
"RB01","ODI0004669",5813.94,0,-186.06
"MK01","ODI0013601",9959.07,0,-40.93
"RB01","ODI0016240",4897.42,0,-102.58
"RB01","ODI0007008",0,0,-0.99
"RB01","ODI0004519",0,0,-81.22
"RB01","ODI0011199",2002.26,0,2.26
"RB01","ODI0013813",5000,0,0
"RB01","ODI0007853",0,0,-33.82
"RB01","ODI0007197",0,0,-51.72
"RB01","ODI0011085",122674.67,0,-7325.33
"LT01","ODI0011153",985.17,0,-14.83
"RB01","ODI0000403",101850.7,0,-3111.38
"RB01","ODI0011965",0,0,-50.31
"RB01","ODI0003265",26.38,0,-752.18
"RB01","ODI0008921",1906.19,0,-93.81
"RB01","ODI0015741",9774.12,0,-225.88
"RB01","ODI0000849",178169.31,0,-6748.23
"RB01","ODI0008897",38749.08,0,-1250.92
"RB01","ODI0001107",646.91,0,-2209.92
"LT01","ODI0000254",1926.62,0,-73.38
"RB01","ODI0016379",97480.15,0,-2519.85
"RB01","ODI0005482",77659.89,0,-2340.11
"RB01","ODI0015911",19774.19,0,-225.81
"LT01","ODI0016074",289521.96,0,-10478.04
"RB01","ODI0002010",21.64,0,-13.38
"RB01","ODI0006171",14372.17,0,-627.83
"RB01","ODI0014047",0,0,-33.76
"RB01","ODI0006969",18083.45,0,-916.55
"RB01","ODI0011679",4761.61,0,-238.39
"LT01","ODI0015592",1460.39,0,-39.61
"LT01","ODI0004487",1500,0,0
"RB01","ODI0003630",0,0,-49.48
"RB01","ODI0006303",19584.27,0,-415.73
"RB01","ODI0015441",2993.19,0,-6.81
"RB01","ODI0014103",9765.19,0,-234.81
"RB01","ODI0002443",7607.28,0,-392.72
"RB01","ODI0002556",21.55,0,-17.31
"RB01","ODI0006006",0,0,72.14
"RB01","ODI0012243",8652.42,0,-347.58
"RB01","ODI0010941",2496.94,0,-136.73
"RB01","ODI0000072",12274.93,0,-725.03
"RB01","ODI0013685",7943.51,0,-56.49
"RB01","ODI0000251",287340.39,0,-12659.61
"LT01","ODI0016980",9922.81,0,-77.19
"RB01","ODI0012085",999.99,0,-0.01
"RB01","ODI0006873",978.46,0,-21.54
"RB01","ODI0001217",22283.61,0,-716.39
"RB01","ODI0000392",8867.07,0,-132.93
"RB01","ODI0012358",16245.93,0,-254.07
"LT01","ODI0000034",100966.64,0,966.64
"RB01","ODI0000068",405265.96,0,-14279.58
"RB01","ODI0012634",10899.54,0,-100.46
"RB01","ODI0007175",19372.68,0,-627.32
"RB01","ODI0003901",0,0,-42.21
"RB01","ODI0002391",31.86,0,-31.9
"RB01","ODI0004664",0,0,-1642.67
"RB01","ODI0009122",9830.35,0,-169.65
"RB01","ODI0007261",7673.25,0,-326.75
"RB01","ODI0002640",230467.53,0,-9532.47
"LT01","ODI0016847",1928.6,0,-71.4
"RB01","ODI0001308",9719.1,0,-177.07
"RB01","ODI0013651",2939.44,0,-60.56
"RB01","ODI0004985",1963.18,0,-36.82
"RB01","ODI0005977",11425.02,0,-574.98
"RB01","ODI0001022",5891.96,0,-108.04
"RB01","ODI0013987",4904.45,0,-95.55
"RB01","ODI0001020",14617.57,0,-382.43
"RB01","ODI0001792",0,0,-161.65
"RB01","ODI0001464",87.99,0,-1323.72
"RB01","ODI0012852",14574.32,0,-425.68
"RB01","ODI0000827",14410.09,0,-589.91
"RB01","ODI0011461",512.39,0,-78.82
"RB01","ODI0014584",4940.05,0,-59.95
"RB01","ODI0000232",4758.52,0,-241.48
"RB01","ODI0001822",7700.73,0,-299.27
"RB01","ODI0001432",13153.8,0,-596.2
"RB01","ODI0001972",4866.58,0,-134.32
"LT01","ODI0014164",70851.59,0,851.59
"RB01","ODI0017994",5004.8,0,4.8
"RB01","ODI0003609",94760.36,0,-5239.64
"RB01","ODI0000356",33333.43,0,-1666.57
"RB01","ODI0008937",7835.04,0,-299.58
"RB01","ODI0000092",2903.21,2903.21,-128.72
"RB01","ODI0016140",9702.67,0,-297.33
"RB01","ODI0014140",5999.09,0,-0.91
"RB01","ODI0007528",0,0,-16.66
"RB01","ODI0009547",1006.3,0,6.3
"RB01","ODI0000288",19200.96,0,-799.04
"LT01","ODI0004698",4384.68,0,-115.32
"RB01","ODI0013459",0,0,35.81
"RB01","ODI0004486",14267.02,0,-732.98
"RB01","ODI0015987",9853.08,0,-146.92
"RB01","ODI0008742",0,0,0.52
"RB01","ODI0004403",0,0,-33.92
"LT01","ODI0012959",1951.03,0,-48.97
"RB01","ODI0003521",283302.67,0,-16697.33
"RB01","ODI0008789",11230.06,0,-769.94
"RB01","ODI0004005",28697.11,0,-1302.89
"RB01","ODI0015750",9938.21,0,-61.79
"RB01","ODI0000269",6735.76,0,-264.24
"LT01","ODI0017156",4897.98,0,-102.02
"RB01","ODI0002707",8671.5,0,-328.5
"RB01","ODI0005292",17212.54,0,-787.46
"RB01","ODI0014065",9924.89,0,-75.11
"RB01","ODI0001976",2932.4,0,-67.6
"LT01","ODI0016818",4855.82,0,-144.18
"RB01","ODI0013834",13629.04,0,-370.96
"RB01","ODI0015230",2003.71,0,3.71
"RB01","ODI0017286",999.99,0,-0.01
"RB01","ODI0015369",20552.6,0,-447.4
"RB01","ODI0015572",2004.23,0,4.23
"LT01","ODI0009085",7649.29,0,-350.71
"RB01","ODI0011270",11451.29,0,-348.71
"RB01","ODI0000537",4816.84,0,-183.16
"RB01","ODI0007885",3926.92,0,-151.02
"RB01","ODI0008440",5966.12,0,-33.88
"RB01","ODI0003457",2010.61,0,10.61
"RB01","ODI0000140",12270.93,0,-729.07
"RB01","ODI0011499",0,0,-80.34
"RB01","ODI0007651",24043,0,-957
"RB01","ODI0007348",8617.3,0,-382.7
"RB01","ODI0000091",0,0,0.01
"RB01","ODI0002317",13.67,0,-550.01
"RB01","ODI0005637",15.54,0,-146.59
"RB01","ODI0001757",4953.47,0,-46.53
"RB01","ODI0005291",0,0,-64.33
"RB01","ODI0006161",93227.7,0,-4772.3
"RB01","ODI0000415",52538.82,0,-2461.18
"RB01","ODI0011216",29328.73,0,-671.27
"RB01","ODI0015249",4911.57,0,-88.43
"RB01","ODI0009926",20563.18,0,-436.82
"RB01","ODI0003192",9487.28,0,-512.72
"RB01","ODI0005146",49281.2,4810.28,-1821.24
"RB01","ODI0007360",1000.37,0,0.37
"RB01","ODI0006355",2939.44,0,-60.56
"RB01","ODI0013050",28192.38,0,-807.62
"RB01","ODI0005862",9644.13,0,-355.87
"RB01","ODI0018732",5005.73,0,5.73
"RB01","ODI0006413",28160.05,0,-1839.95
"RB01","ODI0005174",0,0,-47.69
"RB01","ODI0009614",2007.77,0,-105.66
"RB01","ODI0006938",6789.06,0,-210.94
"RB01","ODI0009361",8863.38,0,-136.62
"RB01","ODI0002016",9596.21,0,-403.79
"RB01","ODI0015250",1000.53,0,0.53
"RB01","ODI0001087",24722.5,0,-1241.81
"RB01","ODI0009113",48567.99,0,-1432.01
"RB01","ODI0015123",13645.09,0,-154.91
"RB01","ODI0002421",9599.25,0,-400.75
"RB01","ODI0002739",0,0,-37.6
"RB01","ODI0019026",9975.31,0,-24.69
"RB01","ODI0005602",3881.55,0,-118.45
"RB01","ODI0000183",95773.04,0,-4226.96
"RB01","ODI0003531",28800.57,0,-1199.43
"LT01","ODI0015586",4925.6,0,-74.4
"RB01","ODI0005407",295873.98,0,-13881.2
"LT01","ODI0010713",19322.8,0,-677.2
"LT01","ODI0001158",50128.73,0,-871.27
"RB01","ODI0000910",8523.14,0,-476.86
"RB01","ODI0005713",9534.03,0,-465.97
"RB01","ODI0007250",5998.84,0,-1.16
"RB01","ODI0006552",5799.33,0,-200.67
"RB01","ODI0006745",0,0,-24.14
"RB01","ODI0010945",3927.63,0,-72.37
"RB01","ODI0006044",2534.41,0,11.26
"RB01","ODI0015643",11838.76,0,-161.24
"RB01","ODI0009464",6760.46,0,-239.54
"RB01","ODI0003513",0,0,13.5
"RB01","ODI0007812",37306.09,0,-1693.91
"LT01","ODI0016478",953.1,0,-46.9
"RB01","ODI0003929",12488.89,0,-511.11
"RB01","ODI0019398",40057.54,0,57.54
"RB01","ODI0005696",0,0,-65.64
"RB01","ODI0004310",4978.87,0,-245.4
"RB01","ODI0015659",2003.71,0,3.71
"RB01","ODI0006746",13513.13,0,-736.87
"RB01","ODI0000493",52605.51,0,-3394.49
"RB01","ODI0002066",436877.83,0,-22857.77
"LT01","ODI0013457",1892.67,0,-107.33
"RB01","ODI0012028",0,0,-170.02
"RB01","ODI0000857",14135.69,0,-864.31
"RB01","ODI0007138",4978.87,0,-250.3
"RB01","ODI0015657",9775.27,0,-224.73
"RB01","ODI0011762",121065.99,0,-4934.01
"RB01","ODI0012694",10814.87,0,-185.13
"LT01","ODI0002112",19674.93,0,-325.07
"LT01","ODI0014858",4942.26,0,-57.74
"RB01","ODI0016648",2002.05,0,2.05
"RB01","ODI0006218",0,0,38.5
"RB01","ODI0010548",6437.4,0,-562.6
"RB01","ODI0006650",0,0,-97.78
"RB01","ODI0012181",7800.46,0,-199.54
"RB01","ODI0007951",1006.18,0,6.18
"RB01","ODI0010502",0,0,1.27
"RB01","ODI0000388",32.26,0,-519.67
"RB01","ODI0000716",514401.54,0,-23413.34
"RB01","ODI0002251",7731.06,0,-268.94
"RB01","ODI0004658",0,0,-4.47
"RB01","ODI0005360",4761.61,0,-238.39
"RB01","ODI0016199",4987.85,0,-12.15
"RB01","ODI0012171",0,0,0.95
"RB01","ODI0015134",999.99,0,-0.01
"RB01","ODI0017247",999.71,0,-0.29
"RB01","ODI0015573",49585.31,0,-1414.69
"RB01","ODI0015582",53502.34,0,-1497.66
"RB01","ODI0011780",0,0,-99.1
"RB01","ODI0009292",9730.13,0,-269.87
"RB01","ODI0014741",4990.53,0,-9.47
"RB01","ODI0014049",969.47,0,-30.53
"LT01","ODI0001648",947.88,0,-52.12
"LT01","ODI0016489",1519.49,0,19.49
"RB01","ODI0007570",233,0,-130.11
"RB01","ODI0015481",998.68,0,-1.32
"RB01","ODI0015604",4872.17,0,-127.83
"RB01","ODI0004446",4759.29,0,-240.71
"RB01","ODI0017944",3969.65,0,-30.35
"RB01","ODI0000321",58298.56,0,-1701.44
"RB01","ODI0008617",0,0,0.17
"LT01","ODI0014479",1970.34,0,-29.66
"RB01","ODI0011747",14601.57,0,-398.43
"RB01","ODI0011366",5741.29,0,-258.71
"RB01","ODI0002498",18209.51,0,-790.49
"LT01","ODI0004265",2500.78,0,0.78
"RB01","ODI0006254",4985.12,0,-58.55
"RB01","ODI0001914",5837.43,0,-162.57
"RB01","ODI0005623",12810.06,0,-189.93
"RB01","ODI0001947",32.25,0,2.35
"RB01","ODI0003435",1938.49,0,-61.51
"RB01","ODI0001203",1997.55,0,-2.45
"RB01","ODI0001417",4825.85,0,-174.15
"RB01","ODI0011182",10629.08,0,-370.92
"RB01","ODI0003449",0,0,-66.41
"RB01","ODI0013288",6899.5,0,-100.5
"RB01","ODI0007866",0,0,-345.67
"RB01","ODI0001120",34967.07,0,-1032.93
"RB01","ODI0019294",5986.76,0,-13.24
"RB01","ODI0006449",26746.07,0,-1378.93
"RB01","ODI0009285",0,0,-75.57
"RB01","ODI0001936",0,0,-35.4
"RB01","ODI0000524",467515.24,0,-32033.02
"RB01","ODI0009524",66558.04,0,-3441.96
"RB01","ODI0001813",7851.1,0,-148.9
"RB01","ODI0004355",0,0,-772.87
"RB01","ODI0016176",2002.68,0,2.68
"RB01","ODI0008239",17178.64,0,-821.36
"RB01","ODI0015304",4964.45,0,-35.55
"LT01","ODI0002637",1946.56,0,-53.44
"RB01","ODI0010929",3927.63,0,-72.37
"RB01","ODI0011341",0,0,5.74
"RB01","ODI0008101",67282.81,0,-3717.19
"RB01","ODI0000162",3727.13,0,-159.85
"RB01","ODI0000986",1011.03,0,11.03
"LT01","ODI0015201",58280.11,0,-1719.89
"RB01","ODI0007067",119790.63,0,-5209.37
"RB01","ODI0012271",388315.11,0,-11684.89
"LT01","ODI0017377",4984.33,0,-15.67
"RB01","ODI0000485",37759.52,0,-2240.48
"RB01","ODI0006237",5724.03,0,-275.97
"RB01","ODI0013150",2946.81,0,-53.19
"RB01","ODI0001122",14555.45,0,-444.55
"RB01","ODI0001597",67372.76,0,-2627.24
"LT01","ODI0004583",2892.9,0,-107.1
"RB01","ODI0015143",999.99,0,-0.01
"RB01","ODI0002074",12355.79,0,-644.21
"LT01","ODI0015480",19611.75,0,-388.25
"RB01","ODI0000591",9681.28,0,-318.72
"RB01","ODI0001117",999.99,0,-0.01
"RB01","ODI0005266",13499.54,0,-500.46
"RB01","ODI0001578",0,0,-121.47
"RB01","ODI0013215",1958.31,0,-41.69
"RB01","ODI0004831",0,0,-58.37
"RB01","ODI0000819",3891.55,0,-108.45
"RB01","ODI0003978",0,0,-64.13
"RB01","ODI0003142",9493.83,0,-506.17
"RB01","ODI0011889",9725.98,0,-274.02
"RB01","ODI0008273",8531.46,0,-468.54
"RB01","ODI0012637",1996.96,0,-3.04
"RB01","ODI0001283",0,0,228.82
"RB01","ODI0000647",13.94,0,-172.51
"RB01","ODI0000690",438.2,0,919.08
"RB01","ODI0000757",28532.06,0,-1467.94
"RB01","ODI0002095",21146.95,0,-853.05
"RB01","ODI0013899",6925.16,6274.46,-74.84
"RB01","ODI0008561",33316.8,0,-1198.75
"LT01","ODI0006202",35337.38,0,-2162.62
"RB01","ODI0007412",16451.47,0,-548.53
"RB01","ODI0004801",4890.33,0,-109.67
"RB01","ODI0015955",6880.55,0,-119.45
"RB01","ODI0002558",20312.66,0,-687.34
"RB01","ODI0001526",5877.49,0,-122.51
"RB01","ODI0011704",999.99,0,-53.84
"RB01","ODI0006971",4837.24,0,-162.76
"RB01","ODI0010750",2002.78,0,2.78
"LT01","ODI0016543",980.01,0,-19.99
"RB01","ODI0002286",33371.88,0,-1628.12
"MK01","ODI0006007",4203.68,0,203.68
"RB01","ODI0008041",0,0,-16.96
"RB01","ODI0006990",9785.42,0,-214.58
"LT01","ODI0013769",4798.09,0,-201.91
"RB01","ODI0010716",5001.86,0,1.86
"RB01","ODI0002106",12661.07,0,-338.93
"RB01","ODI0001670",2008.2,0,8.2
"RB01","ODI0007116",141911.32,0,-8088.68
"LT01","ODI0007612",9571.33,0,-428.67
"RB01","ODI0008686",-8967.71,0,-25.9
"LT01","ODI0009341",1008.21,0,8.21
"LT01","ODI0017221",4926.53,0,-73.47
"RB01","ODI0014739",2003.71,0,3.71
"RB01","ODI0013746",26737.79,0,-262.21
"RB01","ODI0007974",17177.09,0,-822.91
"RB01","ODI0010043",14946.5,0,-53.5
"LT01","ODI0016668",5782.71,0,32.71
"RB01","ODI0001008",0,0,-272.75
"RB01","ODI0016444",990.45,0,-9.55
"RB01","ODI0005398",16357.39,0,-642.61
"RB01","ODI0008625",0,0,-57.28
"RB01","ODI0002633",38752.32,0,-1247.68
"RB01","ODI0007690",999.99,0,-97.27
"LT01","ODI0013940",9555.04,0,-444.96
"RB01","ODI0002672",14442.08,0,-557.92
"RB01","ODI0007093",11815.97,0,-211.2
"LT01","ODI0003506",223703.18,0,-6296.82
"RB01","ODI0015457",3001.66,0,1.66
"RB01","ODI0011596",2995.02,0,-502.95
"RB01","ODI0012896",6929.24,0,-70.76
"RB01","ODI0015561",9999.35,0,-0.65
"RB01","ODI0005021",3826.65,0,-173.35
"RB01","ODI0011902",7630.59,0,-369.41
"RB01","ODI0013778",101577.46,0,-2422.54
"RB01","ODI0006908",0,0,-362.62
"RB01","ODI0012926",192988.57,0,-7011.43
"RB01","ODI0003672",12441.38,0,-558.62
"RB01","ODI0001989",10461.17,0,-538.83
"RB01","ODI0017966",4962.89,0,-37.11
"RB01","ODI0010816",6901.82,0,-98.18
"LT01","ODI0019371",2015.3,0,15.3
"RB01","ODI0006453",6746.61,0,-253.39
"RB01","ODI0012987",9786.12,0,-213.88
"RB01","ODI0008588",5802.46,0,-197.54
"RB01","ODI0005530",18196.14,0,-803.86
"RB01","ODI0008781",2004.46,0,4.46
"RB01","ODI0005997",0,0,43.89
"RB01","ODI0009013",6820.07,0,-179.93
"RB01","ODI0005027",90596.14,0,-4403.86
"RB01","ODI0007533",7673.72,0,-326.28
"RB01","ODI0012382",3007.76,0,7.76
"LT01","ODI0004714",2906.96,0,-93.04
"RB01","ODI0000235",1010.57,0,10.57
"RB01","ODI0004263",169480.29,0,-10276.49
"RB01","ODI0007318",30370.31,0,-1629.69
"RB01","ODI0004633",10472.97,0,-527.03
"RB01","ODI0012205",6839.17,0,-160.83
"RB01","ODI0004952",16850.42,0,-649.58
"RB01","ODI0002631",0,0,14.91
"RB01","ODI0003096",131196.82,0,-3803.18
"RB01","ODI0004379",3894.43,0,-105.57
"RB01","ODI0009147",0,0,-276.31
"RB01","ODI0007224",1995.34,0,-207.6
"RB01","ODI0016368",1000.55,0,0.55
"RB01","ODI0007521",35626.91,0,-1373.09
"RB01","ODI0002837",0,0,-17.07
"RB01","ODI0008914",8073.65,0,-426.35
"RB01","ODI0001695",4872.97,0,-127.03
"RB01","ODI0014437",10807.99,0,-192.01
"RB01","ODI0003002",0,0,-103.24
"RB01","ODI0001253",13274.53,0,-725.47
"RB01","ODI0006959",21016.98,0,-983.02
"LT01","ODI0007331",974.45,0,-25.55
"RB01","ODI0011300",5671.47,0,-328.53
"RB01","ODI0004050",0,0,0.49
"RB01","ODI0010225",4832.83,0,-167.17
"RB01","ODI0008809",0,0,-0.51
"RB01","ODI0006588",0,0,-0.45
"RB01","ODI0007075",0,0,0.24
"RB01","ODI0009171",0,0,-74.85
"RB01","ODI0003311",8798.47,0,-201.53
"RB01","ODI0000348",16823.94,0,-1176.06
"RB01","ODI0009946",38288.45,0,-1211.55
"RB01","ODI0010620",0,0,-338.3
"RB01","ODI0006099",14869.4,0,-130.6
"RB01","ODI0006101",2992.24,0,-7.76
"RB01","ODI0000368",122280.99,0,-7667.17
"RB01","ODI0002974",0,0,-56.51
"RB01","ODI0004013",2960.26,0,-39.74
"LT01","ODI0011854",982.57,0,-17.43
"RB01","ODI0002756",54279.32,0,-3320.68
"RB01","ODI0001078",0,0,74.33
"RB01","ODI0001001",16835.91,0,-1164.09
"RB01","ODI0012026",3915.68,0,-84.32
"RB01","ODI0000271",2939.45,0,-60.55
"RB01","ODI0014340",1000,0,0
"LT01","ODI0000611",28515.11,0,-1484.89
"RB01","ODI0019310",40027.85,0,27.85
"RB01","ODI0014993",995.02,0,-4.98
"RB01","ODI0019720",8995.29,0,-4.71
"RB01","ODI0013622",107782.41,0,-2217.59
"RB01","ODI0019280",9003.88,0,3.88
"RB01","ODI0010766",0,0,-128.16
"RB01","ODI0011853",12702.37,0,-297.63
"RB01","ODI0018693",5018.06,0,18.06
"RB01","ODI0002535",999.99,0,-0.01
"RB01","ODI0005763",4878.84,0,-121.16
"RB01","ODI0000768",13399.11,0,-600.89
"RB01","ODI0007998",61522.08,0,-3477.92
"RB01","ODI0002857",0,0,-184.07
"RB01","ODI0010231",0,0,-151.97
"RB01","ODI0015867",1000.55,0,0.55
"RB01","ODI0017666",1000.31,0,0.31
"RB01","ODI0007788",2938.93,0,-309.4
"RB01","ODI0001057",138661.81,0,-6338.19
"RB01","ODI0010381",9323.99,0,-476.01
"RB01","ODI0011245",10148.32,0,-351.68
"RB01","ODI0005603",17294.54,0,-705.46
"RB01","ODI0008890",0,0,-19.08
"RB01","ODI0007554",102856.62,0,-2143.38
"RB01","ODI0011308",0,0,-3.19
"RB01","ODI0009673",5659.82,0,-340.18
"LT01","ODI0017382",2952.18,0,-47.82
"RB01","ODI0002995",5795.12,0,-204.88
"RB01","ODI0006842",2012.59,0,12.59
"RB01","ODI0012234",19382.51,0,-617.49
"RB01","ODI0000202",59953.38,0,-2994.82
"RB01","ODI0011195",0,0,0.25
"RB01","ODI0016727",4962.89,0,-37.11
"RB01","ODI0006464",19892.92,0,-1107.08
"RB01","ODI0009918",981.52,0,-112.81
"RB01","ODI0016127",5816.91,0,-183.09
"RB01","ODI0004251",14380.67,0,-619.33
"RB01","ODI0002458",40.69,0,15.31
"RB01","ODI0004607",11933.79,0,-566.21
"RB01","ODI0003895",0,0,-24.7
"LT01","ODI0000990",10069.25,0,69.25
"RB01","ODI0013219",2924.02,0,-81.97
"RB01","ODI0003225",9714.81,0,-285.19
"RB01","ODI0007128",0,0,-362.51
"LT01","ODI0019306",20243.28,0,243.28
"RB01","ODI0003037",1764.87,0,-246.29
"RB01","ODI0007024",9685,0,-315
"RB01","ODI0007587",9028.68,0,-421.9
"RB01","ODI0009045",1002.78,0,2.78
"RB01","ODI0011481",10252.87,2293.91,-747.13
"RB01","ODI0008111",0,0,-166.4
"RB01","ODI0001403",281.35,0,4821.86
"RB01","ODI0012130",38767.86,0,-1232.14
"RB01","ODI0010811",2938.45,0,-21.46
"LT01","ODI0017184",4926.53,0,-73.47
"RB01","ODI0002654",14470.82,0,-529.18
"RB01","ODI0012314",8790.03,0,-209.97
"LT01","ODI0010865",29481.36,0,-518.64
"RB01","ODI0005605",0,0,0.09
"RB01","ODI0011251",3011.65,0,-104.96
"MK01","ODI0002551",0,0,56.25
"LT01","ODI0019465",40027.26,0,27.26
"RB01","ODI0012207",0,0,-67.48
"RB01","ODI0014115",80322.54,0,-1677.46
"RB01","ODI0003329",170649.54,0,-9350.46
"RB01","ODI0003330",0,0,-0.61
"RB01","ODI0000480",6834.88,0,-165.12
"LT01","ODI0012169",35397.28,0,-2102.72
"RB01","ODI0007482",13330.34,0,-669.66
"LT01","ODI0017839",1960.03,0,-39.97
"RB01","ODI0006427",42520.52,0,-1479.48
"RB01","ODI0004591",0,0,4.86
"RB01","ODI0007102",15476.97,0,-523.03
"LT01","ODI0016337",1519.49,0,19.49
"RB01","ODI0004382",9665.58,0,-334.42
"RB01","ODI0004931",24467.33,0,-532.67
"RB01","ODI0009229",16420.76,0,-579.24
"RB01","ODI0010747",0,0,0.1
"RB01","ODI0003831",4651.6,0,-388.89
"RB01","ODI0006642",7654.99,0,-345.01
"RB01","ODI0015312",19655.08,0,-344.92
"RB01","ODI0000257",18025.98,0,-974.02
"RB01","ODI0006936",29094.85,0,-905.15
"RB01","ODI0013744",50823.44,0,-1176.56
"RB01","ODI0002592",9431.43,0,-568.57
"RB01","ODI0006367",12590.01,0,-409.99
"RB01","ODI0012477",91847.66,0,-3152.34
"RB01","ODI0017301",1000,0,0
"RB01","ODI0005869",0,0,0.05
"RB01","ODI0005470",18454.36,0,-545.64
"RB01","ODI0012638",17403.79,0,-596.21
"RB01","ODI0005343",96373.18,0,-3626.82
"RB01","ODI0005438",8596.16,0,-403.84
"RB01","ODI0018804",5008.41,0,8.41
"RB01","ODI0013490",5768.95,0,-231.05
"RB01","ODI0014172",57862.15,0,-2137.85
"RB01","ODI0012980",4821.06,0,-178.94
"RB01","ODI0011441",9531.53,0,-468.47
"MK01","ODI0001359",973.44,0,-81.79
"RB01","ODI0002070",964.12,0,-35.88
"RB01","ODI0002335",5156.62,0,-200.73
"RB01","ODI0014703",13685.25,0,-314.75
"RB01","ODI0003917",6714.39,0,-285.61
"RB01","ODI0012161",6905.54,0,-94.46
"LT01","ODI0014469",9819.19,0,-180.81
"RB01","ODI0000173",121668.56,0,-8275.74
"RB01","ODI0002760",21000.07,0,-999.93
"RB01","ODI0005865",4837.9,0,-162.1
"RB01","ODI0004896",4847.57,0,-152.43
"LT01","ODI0002302",938.51,0,-61.49
"RB01","ODI0004346",19148.38,0,-851.62
"RB01","ODI0007813",9669.94,0,-330.06
"RB01","ODI0008092",8710.33,0,-289.67
"RB01","ODI0015062",2005.03,0,5.03
"RB01","ODI0009630",8619.4,0,-380.6
"RB01","ODI0002315",0,0,1.44
"RB01","ODI0012795",0,0,-173.21
"RB01","ODI0005297",7692.59,0,-307.41
"RB01","ODI0011442",0,0,8.1
"RB01","ODI0012349",7536.38,0,-463.62
"RB01","ODI0002411",4959.23,0,-40.77
"RB01","ODI0012636",15746.68,0,-503.32
"RB01","ODI0009738",0,0,-601.31
"RB01","ODI0015999",4971.62,0,-28.38
"RB01","ODI0013306",14791.96,0,-208.04
"RB01","ODI0007218",0,0,-69.91
"LT01","ODI0018278",10086.26,0,86.26
"LT01","ODI0018952",3022.95,0,22.95
"RB01","ODI0000755",4810.65,0,-189.35
"RB01","ODI0006854",2909.27,0,-90.73
"RB01","ODI0013945",47592.6,0,-2407.4
"LT01","ODI0000862",48918.32,0,-1081.68
"RB01","ODI0006655",0,0,-19.75
"RB01","ODI0011652",19237.19,0,-762.81
"LT01","ODI0002225",4747,0,-253
"RB01","ODI0006625",6738,0,-262
"RB01","ODI0017925",4999.02,0,-0.98
"LT01","ODI0003975",947.88,0,-52.12
"RB01","ODI0006918",9374.98,0,-625.02
"RB01","ODI0013421",14692.99,0,-307.01
"LT01","ODI0003877",1872.17,0,-127.83
"RB01","ODI0007010",13412,0,-588
"LT01","ODI0000438",946.33,0,-53.67
"LT01","ODI0012861",3386.31,0,-113.69
"LT01","ODI0013738",4871.33,0,-128.67
"LT01","ODI0015338",23541.38,0,-1458.62
"RB01","ODI0005712",12277.22,0,-722.78
"RB01","ODI0014202",31795.02,0,-1204.98
"RB01","ODI0014357",2003.71,0,3.71
"LT01","ODI0018046",50170.78,0,-829.22
"RB01","ODI0011433",2939.53,0,-122.23
"RB01","ODI0002934",1006.12,0,6.12
"RB01","ODI0006889",38563.18,0,-1436.82
"RB01","ODI0009835",6750.19,6750.19,-249.81
"RB01","ODI0004321",12977.66,0,-1022.34
"RB01","ODI0002100",54553.02,0,-3446.98
"RB01","ODI0011826",1917.54,0,-82.46
"RB01","ODI0007616",8643.42,0,-356.58
"LT01","ODI0001109",5776.77,0,-223.23
"RB01","ODI0002108",19.93,0,-2449.3
"RB01","ODI0002966",0,0,-65.7
"RB01","ODI0000267",16358.73,0,-641.27
"RB01","ODI0012507",4937.33,0,-62.67
"RB01","ODI0003031",0,0,0.16
"LT01","ODI0017741",9843.29,0,-156.71
"LT01","ODI0016611",402899.13,0,2899.13
"RB01","ODI0013896",3000.36,0,0.36
"RB01","ODI0000881",19409.78,0,-590.22
"LT01","ODI0015352",938.51,0,-61.49
"RB01","ODI0011473",8677.25,0,-322.75
"RB01","ODI0003034",0,0,-42.5
"RB01","ODI0006211",10602.8,0,-397.2
"RB01","ODI0006327",6544.29,0,-455.71
"RB01","ODI0004141",14232.16,0,-767.84
"RB01","ODI0015008",5903.97,0,-96.03
"RB01","ODI0007782",4878.47,0,-121.53
"RB01","ODI0015935",0,0,-35.35
"RB01","ODI0001226",20202.11,0,-797.89
"RB01","ODI0000546",16258.06,0,-982.94
"RB01","ODI0017358",9964.66,0,-35.34
"RB01","ODI0005957",5899.11,0,-100.89
"RB01","ODI0007030",18991.11,0,-1008.89
"RB01","ODI0014440",4898.1,0,-101.9
"RB01","ODI0001566",9882.62,0,-747.3
"RB01","ODI0016042",19300.69,0,-699.31
"LT01","ODI0006623",963.31,0,-36.69
"LT01","ODI0011394",1927.03,0,-72.97
"RB01","ODI0003222",9583.6,0,-416.4
"RB01","ODI0014199",106694.69,0,-3305.31
"RB01","ODI0005751",54.13,0,-722.24
"RB01","ODI0014765",48841.99,0,-1158.01
"RB01","ODI0001163",4892.8,0,-107.2
"RB01","ODI0002473",15144.9,1565.39,-855.1
"RB01","ODI0015595",4911.57,0,-88.43
"RB01","ODI0002718",0,0,-46.05
"RB01","ODI0015893",3908.99,0,-91.01
"RB01","ODI0013485",253980.44,0,-6019.56
"RB01","ODI0005555",10244.53,0,-755.47
"RB01","ODI0003278",28909.19,0,-1090.81
"RB01","ODI0015168",19367.12,0,-632.88
"RB01","ODI0016403",999.99,0,-0.01
"RB01","ODI0007668",6600.31,0,-399.69
"RB01","ODI0017531",9964.68,0,-35.32
"RB01","ODI0015653",6484.78,0,-15.22
"RB01","ODI0002784",0,0,1.7
"RB01","ODI0006432",27033.45,0,-966.55
"RB01","ODI0003675",28892.74,0,-1107.26
"RB01","ODI0007811",0,0,-20.65
"RB01","ODI0015222",9907.62,0,-92.38
"RB01","ODI0015978",5869.41,0,-130.59
"RB01","ODI0014098",999.99,0,-137.56
"LT01","ODI0018495",1008.21,0,8.21
"RB01","ODI0000166",3859.23,0,-140.77
"RB01","ODI0000184",0,0,-75.67
"RB01","ODI0003902",0,0,0.97
"RB01","ODI0006220",0,0,2.37
"LT01","ODI0016062",14712.09,0,-287.91
"RB01","ODI0015958",4929.57,0,-70.43
"RB01","ODI0015187",6896.19,0,-103.81
"RB01","ODI0000831",94411.64,0,-5588.36
"RB01","ODI0012211",0,0,-39.6
"RB01","ODI0011482",1987.36,0,-12.64
"RB01","ODI0000289",45707.73,0,-4333.95
"RB01","ODI0010943",7612.62,0,-387.38
"RB01","ODI0013434",0,0,-254.77
"LT01","ODI0017000",4930.42,0,-69.58
"RB01","ODI0011416",6006.91,0,6.91
"RB01","ODI0010141",9868.57,0,-131.43
"RB01","ODI0006107",9578.32,0,-421.68
"LT01","ODI0003049",946.33,0,-53.67
"RB01","ODI0001580",2861.54,0,-138.46
"RB01","ODI0001356",19257.49,0,-742.51
"RB01","ODI0007355",0,0,-19.51
"RB01","ODI0000944",19891.36,0,-108.64
"RB01","ODI0013682",11741,0,-259
"RB01","ODI0014522",1896.45,0,-103.55
"LT01","ODI0000164",59073.03,0,-926.97
"RB01","ODI0003177",0,0,-76.82
"LT01","ODI0016425",9861.88,0,-138.12
"RB01","ODI0005439",0,0,-63.33
"RB01","ODI0014048",159305.94,0,-3694.06
"RB01","ODI0004569",14233.74,0,-766.26
"RB01","ODI0016443",16438.89,0,-161.1
"RB01","ODI0005786",0,0,-70.8
"RB01","ODI0014070",1980.49,0,-19.51
"RB01","ODI0007389",14369.37,0,-630.63
"RB01","ODI0013220",7896.72,0,-103.28
"RB01","ODI0011870",7830.34,0,-169.66
"RB01","ODI0016438",4928.83,0,-71.17
"RB01","ODI0010349",109702.26,0,-5297.74
"RB01","ODI0013710",0,0,1.3
"RB01","ODI0008129",3003.77,0,3.77
"RB01","ODI0015098",2980.31,0,-19.69
"RB01","ODI0018116",2000.31,0,0.31
"MK01","ODI0007409",6588.68,0,-411.32
"RB01","ODI0008374",0,0,1.68
"RB01","ODI0012392",5919.05,0,-80.95
"RB01","ODI0004371",9611.67,0,-388.33
"LT01","ODI0002950",999.46,0,-0.54
"RB01","ODI0000598",4876.31,0,-123.69
"RB01","ODI0008869",0,0,-30.77
"RB01","ODI0017410",9914.11,0,-85.89
"RB01","ODI0011961",0,0,-53.99
"RB01","ODI0002646",5923,0,-77
"RB01","ODI0013448",9827.59,0,-172.41
"RB01","ODI0013227",21196.89,0,-803.11
"RB01","ODI0004565",2414.62,0,-643.32
"RB01","ODI0004854",12612.31,0,-387.69
"RB01","ODI0019479",5014.77,0,14.77
"RB01","ODI0014515",4922.88,0,-77.12
"RB01","ODI0005545",6684.33,0,-315.67
"RB01","ODI0005651",9713.33,7999.99,-286.67
"LT01","ODI0018468",19705.72,0,-294.28
"RB01","ODI0006239",0,0,-30.42
"RB01","ODI0011503",27531.07,0,-1468.93
"RB01","ODI0014927",19403.97,0,-596.03
"RB01","ODI0005463",13.99,0,-157.85
"RB01","ODI0004619",0,0,-27.95
"RB01","ODI0002390",4953.47,0,-46.53
"RB01","ODI0003348",1955.67,0,-44.33
"RB01","ODI0011458",12511.99,0,-488.01
"RB01","ODI0009202",999.99,0,-0.01
"RB01","ODI0019195",4999.02,0,-0.98
"LT01","ODI0015734",33982.12,0,-1017.88
"RB01","ODI0010318",8980.99,0,-19.01
"LT01","ODI0014939",1876.36,0,-123.64
"LT01","ODI0015362",19531.83,0,-468.17
"RB01","ODI0011087",2002.5,0,2.5
"LT01","ODI0011276",938.51,0,-61.49
"RB01","ODI0000303",14277.2,0,-722.8
"RB01","ODI0000521",0,0,52.83
"RB01","ODI0012242",97918.45,0,-2081.55
"MK01","ODI0009989",25314.88,0,314.88
"RB01","ODI0015950",1995.34,0,-4.66
"RB01","ODI0014125",9780.97,0,-219.03
"RB01","ODI0002824",9502.48,0,-497.52
"RB01","ODI0004185",0,0,9.33
"RB01","ODI0000573",9593.64,0,-406.36
"RB01","ODI0000634",19593.51,0,-406.49
"RB01","ODI0014056",0,0,1.41
"LT01","ODI0000684",4930.42,0,-69.58
"RB01","ODI0000682",1975.47,0,-24.53
"RB01","ODI0008792",25832.71,10217.57,-1167.29
"RB01","ODI0013292",999.99,0,-0.01
"LT01","ODI0017705",147693.13,0,-2306.87
"RB01","ODI0014418",6904.28,0,-95.72
"RB01","ODI0000134",9214.45,0,-785.55
"RB01","ODI0001906",842.77,0,-286.53
"RB01","ODI0000099",0,0,0.74
"RB01","ODI0000351",39115.07,0,-1384.93
"LT01","ODI0004697",980.01,0,-19.99
"RB01","ODI0013794",4821.52,0,-178.48
"RB01","ODI0000489",14313.81,0,-686.19
"RB01","ODI0005803",7699.79,0,-300.21
"LT01","ODI0000996",1968.55,0,-31.45
"RB01","ODI0019182",4990.53,0,-9.47
"RB01","ODI0000726",0,0,39.36
"RB01","ODI0014364",7923.99,0,-76.01
"RB01","ODI0003051",0,0,0.24
"LT01","ODI0014589",1963.31,0,-36.69
"RB01","ODI0013199",6798.12,0,-201.88
"RB01","ODI0005489",9706.78,0,-293.22
"RB01","ODI0010408",0,0,-2392.68
"RB01","ODI0011512",0,0,-27.97
"RB01","ODI0000439",96582.77,0,-3417.23
"RB01","ODI0006777",1910.42,913.66,-83.81
"RB01","ODI0014500",19803.34,0,-196.66
"RB01","ODI0002174",19077.95,0,-922.05
"RB01","ODI0001577",4919.97,0,-80.03
"RB01","ODI0004261",1466.62,0,-33.38
"RB01","ODI0000823",4866.58,0,-133.42
"RB01","ODI0000241",3204.41,0,160.86
"RB01","ODI0000247",11309.18,0,-690.82
"RB01","ODI0000300",2939.26,0,-60.74
"RB01","ODI0001483",153534.85,0,-9465.15
"RB01","ODI0002807",9344.05,0,-655.95
"RB01","ODI0005113",94843.59,0,-4912.89
"RB01","ODI0004395",8173.72,0,-326.28
"RB01","ODI0015003",5842.15,0,-157.85
"RB01","ODI0000437",254242.61,0,-15757.39
"RB01","ODI0018300",5964.26,0,-35.74
"RB01","ODI0000273",13969.32,0,-1030.68
"RB01","ODI0013250",87425.73,0,-2574.27
"RB01","ODI0016819",4998.49,0,-1.51
"RB01","ODI0011144",19237.54,0,-762.46
"RB01","ODI0010198",5797.51,0,-202.49
"RB01","ODI0002479",0,0,-89.18
"RB01","ODI0018318",7935.59,0,-64.41
"RB01","ODI0003202",18902.26,0,-1097.74
"RB01","ODI0003853",0,0,-51.61
"RB01","ODI0008235",2000.61,0,-52.23
"RB01","ODI0006591",28880.87,0,-1119.13
"LT01","ODI0000994",22542.25,0,-457.75
"RB01","ODI0007829",6656.33,6656.33,-362.11
"RB01","ODI0009700",9440.25,0,-559.75
"RB01","ODI0005490",4950.57,0,-49.43
"RB01","ODI0003313",14402.19,0,-597.81
"RB01","ODI0013822",4822.71,0,-177.29
"RB01","ODI0000864",1896.47,0,-103.53
"RB01","ODI0001834",41.32,0,61.96
"RB01","ODI0015684",1000.55,0,0.55
"RB01","ODI0014525",1979.94,0,-20.06
"RB01","ODI0005067",9712.73,0,-287.27
"RB01","ODI0007875",0,0,-235.28
"RB01","ODI0005044",132965.4,0,-7034.6
"RB01","ODI0011962",14993.65,4971.43,-510.69
"RB01","ODI0006609",9593.59,0,-406.41
"RB01","ODI0006798",8607.78,0,-392.22
"RB01","ODI0006388",9697.78,0,-302.22
"RB01","ODI0002014",94914.72,0,-5085.28
"MK01","ODI0002561",1594.87,0,94.87
"RB01","ODI0013535",2983.98,0,-16.02
"RB01","ODI0001644",38992.19,0,-1007.81
"RB01","ODI0005007",5849.91,0,-150.09
"RB01","ODI0002674",10639.55,0,-360.45
"RB01","ODI0005923",12426.65,0,-573.35
"RB01","ODI0004292",25680.33,0,-1319.67
"RB01","ODI0008739",533125.71,0,-20624.29
"RB01","ODI0000444",74135.9,0,-214.93
"RB01","ODI0019057",8016.81,0,16.81
"RB01","ODI0014433",5934.15,0,-65.85
"RB01","ODI0010404",8683.58,0,-316.42
"LT01","ODI0018276",49231.08,0,-768.92
"MK01","ODI0006114",234839.7,0,3839.7
"RB01","ODI0007519",66343.59,0,-3656.41
"RB01","ODI0012624",28621.87,0,-1378.13
"RB01","ODI0012282",7911.78,0,-88.22
"RB01","ODI0008087",3870,0,-130
"RB01","ODI0002428",90467.29,0,-3282.71
"RB01","ODI0000557",190272.27,0,-9587.61
"RB01","ODI0002104",12366.01,0,-600.43
"RB01","ODI0007825",8276.26,0,-223.74
"RB01","ODI0010480",155062.84,0,-6187.16
"RB01","ODI0009359",2953.91,0,-44.77
"RB01","ODI0001058",96438.03,0,-4859.09
"RB01","ODI0010779",7619.93,0,-380.07
"LT01","ODI0015016",982.57,0,-17.43
"RB01","ODI0011375",0,0,0.2
"RB01","ODI0006725",56937.37,0,-2062.63
"RB01","ODI0009146",34488.15,0,-511.85
"LT01","ODI0000082",21145.24,0,145.24
"RB01","ODI0007097",45569.51,0,-2430.49
"RB01","ODI0001396",14262.35,0,-737.65
"RB01","ODI0008549",24428.93,0,-571.07
"RB01","ODI0000479",19159.48,0,-840.52
"RB01","ODI0011521",0,0,11.77
"RB01","ODI0006173",143879.03,135000,-6120.97
"RB01","ODI0002673",8735.5,0,-264.5
"RB01","ODI0003131",10392.01,0,-607.99
"RB01","ODI0005771",9713.25,0,-286.75
"RB01","ODI0012789",12319.27,5968.77,-680.73
"RB01","ODI0014296",19346.24,0,-653.76
"LT01","ODI0014572",50608.18,0,608.18
"RB01","ODI0014211",41363.63,0,-636.37
"LT01","ODI0009678",4848.44,0,-151.56
"RB01","ODI0008376",18327.74,0,-1672.26
"RB01","ODI0002827",9501.7,0,-498.3
"RB01","ODI0001254",116977.55,0,-8022.45
"RB01","ODI0019394",4982.35,0,-17.65
"RB01","ODI0003475",26.6,0,24.2
"LT01","ODI0018466",985.17,0,-14.83
"RB01","ODI0002012",284772.08,0,-14981.24
"RB01","ODI0000086",2089.98,0,-10.02
"RB01","ODI0014937",7865.7,0,-134.3
"RB01","ODI0000128",0,0,-462.24
"RB01","ODI0004387",0,0,-78.68
"RB01","ODI0006533",8775.15,0,-224.85
"RB01","ODI0012623",6870.64,0,-129.36
"RB01","ODI0017105",0,0,-22.87
"RB01","ODI0007594",4854.48,0,-145.52
"RB01","ODI0019578",1492.91,0,-7.09
"RB01","ODI0002791",15995.75,0,-1004.25
"RB01","ODI0001318",14436.33,0,-563.67
"RB01","ODI0003491",0,0,-3367.6
"RB01","ODI0014871",14602.3,0,-397.7
"LT01","ODI0013965",5007.09,0,7.09
"RB01","ODI0014816",1000.55,0,0.55
"RB01","ODI0007296",2004.98,0,14.04
"RB01","ODI0014747",15020.35,0,435.02
"RB01","ODI0000135",31143.51,0,-1856.49
"RB01","ODI0001296",32216.7,0,-1783.3
"RB01","ODI0009612",0,0,-171.78
"RB01","ODI0008994",94087.66,0,-5912.34
"RB01","ODI0014730",11560.72,0,-439.28
"RB01","ODI0003846",12398.53,0,-601.47
"RB01","ODI0015335",5947.25,0,-52.75
"LT01","ODI0007022",1965.15,0,-34.85
"RB01","ODI0018292",1000.37,0,0.37
"RB01","ODI0015274",24617.55,0,-382.45
"RB01","ODI0012318",11557.9,0,-442.1
"RB01","ODI0005053",2876.65,2876.65,-575
"RB01","ODI0005058",9523.88,0,-476.12
"RB01","ODI0001085",0,0,15.99
"RB01","ODI0001560",5821.93,0,-178.07
"RB01","ODI0014803",5928.08,0,-71.92
"RB01","ODI0013798",5791.23,0,-208.77
"MK01","ODI0005999",3062.34,0,62.34
"RB01","ODI0001034",0,0,-66.35
"RB01","ODI0012711",7898.42,0,-101.58
"RB01","ODI0012578",0,0,-37.13
"RB01","ODI0003889",16243.55,0,-756.45
"RB01","ODI0006923",1003.73,0,-9.71
"RB01","ODI0012609",5928.08,0,-71.92
"LT01","ODI0006030",980.01,0,-19.99
"LT01","ODI0017702",10000,0,0
"RB01","ODI0009310",8806.41,0,-193.59
"RB01","ODI0005336",0,0,2.23
"LT01","ODI0014575",1007.65,0,7.65
"RB01","ODI0002468",0,0,1.84
"RB01","ODI0002217",141698.35,0,-7426.65
"RB01","ODI0011648",7737.29,0,-262.71
"RB01","ODI0006686",48403.29,0,-1596.71
"LT01","ODI0016037",59767.27,0,-232.73
"RB01","ODI0000201",4652.54,0,-347.46
"RB01","ODI0012839",29042.83,0,-957.17
"RB01","ODI0015174",97869.93,0,-2130.07
"RB01","ODI0001499",23724.33,0,-1275.67
"RB01","ODI0001152",0,0,-75.87
"RB01","ODI0016808",999.99,0,-0.01
"RB01","ODI0014615",9999.35,0,-0.65
"RB01","ODI0014863",999.99,0,-0.01
"RB01","ODI0007119",0,0,0.5
"RB01","ODI0009488",24185.62,0,-814.38
"LT01","ODI0002830",931.81,0,-68.19
"RB01","ODI0000186",4839.56,0,-160.44
"RB01","ODI0005762",4501.84,0,-435.33
"LT01","ODI0017609",980.01,0,-19.99
"RB01","ODI0002467",0,0,-57.54
"RB01","ODI0000259",43405.77,0,-489.12
"RB01","ODI0011146",4790.04,0,-209.96
"RB01","ODI0008204",17169.9,0,-830.1
"RB01","ODI0012008",0,0,-163.9
"RB01","ODI0012362",1959.03,0,-40.97
"RB01","ODI0015130",19530.04,0,-469.96
"RB01","ODI0007539",1006.18,0,6.18
"RB01","ODI0004111",0,0,85.51
"RB01","ODI0004616",16329.77,0,-670.23
"RB01","ODI0014923",4933.79,0,-66.21
"RB01","ODI0013457",7904.39,0,-95.61
"RB01","ODI0002542",10399.77,0,-600.23
"RB01","ODI0014925",4784.86,0,-215.14
"RB01","ODI0007514",9487.28,0,-512.72
"RB01","ODI0008206",0,0,-187.13
"RB01","ODI0004988",13.95,0,-244.03
"LT01","ODI0000493",9853.42,0,-146.58
"RB01","ODI0012117",580517.32,0,-20732.68
"RB01","ODI0014858",1003.68,1003.68,3.68
"RB01","ODI0014226",0,0,-128.44
"MK01","ODI0006969",8268.96,0,1268.96
"RB01","ODI0012618",10008.31,0,8.31
"RB01","ODI0001954",0,0,1045.54
"RB01","ODI0002715",0,0,0.06
"RB01","ODI0001418",25942.52,0,-1057.48
"LT01","ODI0016199",4855.82,0,-144.18
"RB01","ODI0000299",17249.44,0,-750.56
"RB01","ODI0001207",0,0,-72.95
"RB01","ODI0003843",0,0,-323.89
"RB01","ODI0013601",14493.29,0,-506.71
"LT01","ODI0012181",30364.97,0,364.97
"RB01","ODI0006538",16288.96,0,-371.43
"LT01","ODI0016648",1977.3,0,-22.7
"RB01","ODI0012500",4890.66,0,-109.34
"RB01","ODI0017989",999.99,0,-0.01
"RB01","ODI0008952",11638.47,0,-611.53
"RB01","ODI0003785",10811.37,0,-188.63
"LT01","ODI0012730",959.98,0,-40.02
"RB01","ODI0001945",9631.08,0,-429.71
"RB01","ODI0013237",6858.67,0,-141.33
"LT01","ODI0015573",48202.89,0,-1797.11
"RB01","ODI0005502",14.11,0,16.39
"RB01","ODI0008599",186383.21,0,-13616.79
"RB01","ODI0003799",14267.48,0,-732.52
"RB01","ODI0008820",0,0,1.75
"LT01","ODI0007570",1906.01,0,-93.99
"RB01","ODI0001648",11535.27,0,-464.73
"LT01","ODI0012837",9816.16,0,-183.84
"RB01","ODI0002150",5000,0,0
"RB01","ODI0004265",16205.83,0,-794.17
"RB01","ODI0012307",0,0,-58.73
"RB01","ODI0005924",9511.73,0,-488.27
"RB01","ODI0007099",26476.77,0,-1523.23
"RB01","ODI0014479",9856.74,0,-143.26
"RB01","ODI0007432",99767.67,0,-2980.33
"RB01","ODI0001729",502.7,0,-193.66
"LT01","ODI0017944",2945.16,0,-54.84
"RB01","ODI0018649",11957.99,0,-42.01
"LT01","ODI0011182",964.3,0,-35.7
"RB01","ODI0008510",8877.24,0,-122.76
"RB01","ODI0019556",4990.53,0,-9.47
"RB01","ODI0016212",39820.21,0,-179.79
"RB01","ODI0010969",7764.28,0,-235.72
"RB01","ODI0001439",14194.39,0,-1067.41
"RB01","ODI0003247",4901.78,0,-98.22
"RB01","ODI0007258",28842.81,0,-1157.19
"RB01","ODI0015269",6795.83,0,-204.17
"RB01","ODI0009085",58506.08,0,-1493.92
"RB01","ODI0015491",82851.33,0,-2148.67
"RB01","ODI0007192",0,0,-264.1
"RB01","ODI0004830",3678.89,0,-235.72
"RB01","ODI0001502",23625.04,0,-1374.96
"RB01","ODI0005057",9557.95,0,-442.05
"RB01","ODI0002731",14156.11,0,-843.89
"RB01","ODI0007606",7049.1,0,-450.9
"RB01","ODI0009922",33470.47,0,-1529.53
"LT01","ODI0000140",1913.64,0,-86.36
"RB01","ODI0005191",0,0,1.09
"RB01","ODI0015240",8231.35,0,-268.65
"RB01","ODI0009522",0,0,-19.62
"RB01","ODI0009671",0,0,1.47
"RB01","ODI0000970",18758.08,0,-241.92
"RB01","ODI0003483",16928.03,0,-571.97
"RB01","ODI0019332",1000.37,0,0.37
"RB01","ODI0013507",1004.99,0,4.99
"LT01","ODI0016921",980.01,0,-19.99
"RB01","ODI0015013",34275.56,0,-724.44
"RB01","ODI0008748",1996.68,0,16.11
"RB01","ODI0004182",22728.54,0,-1349.24
"RB01","ODI0004092",10197.5,0,-402.5
"RB01","ODI0004226",0,0,-217.63
"RB01","ODI0008623",2939.44,0,-60.56
"RB01","ODI0011612",14526.72,0,-473.28
"RB01","ODI0001199",15152.91,0,-847.09
"LT01","ODI0016683",5007.09,0,7.09
"RB01","ODI0009311",15281.88,0,-718.12
"LT01","ODI0018732",5052.5,0,52.5
"LT01","ODI0013050",14310.7,0,-689.3
"LT01","ODI0013733",1000.32,0,0.32
"LT01","ODI0007360",2016.42,0,16.42
"LT01","ODI0015621",91370.87,0,-3129.13
"RB01","ODI0009051",48152.4,0,-1847.6
"RB01","ODI0014791",6896.11,0,-103.89
"RB01","ODI0000284",60842.68,0,-3133.69
"LT01","ODI0009113",1888.23,0,-111.77
"RB01","ODI0016095",5937.24,0,-62.76
"RB01","ODI0015239",71449.03,0,-2050.97
"MK01","ODI0002391",2753.04,0,-246.96
"RB01","ODI0007714",5697.82,0,-302.18
"RB01","ODI0001938",11558.58,0,-341.42
"RB01","ODI0009428",0,0,-47.73
"RB01","ODI0000501",3925.35,3925.35,-74.65
"RB01","ODI0015586",4922.54,0,-77.46
"RB01","ODI0009849",0,0,-146.63
"RB01","ODI0003436",1000,0,24.99
"RB01","ODI0001097",76196.5,0,-3803.5
"RB01","ODI0011613",20279.22,0,-720.78
"RB01","ODI0001882",4944.64,0,-55.36
"RB01","ODI0000436",51066.79,0,-2933.21
"RB01","ODI0004163",0,0,-584.59
"RB01","ODI0001158",8847.78,0,-152.22
"RB01","ODI0002520",21.55,0,21.05
"RB01","ODI0010713",0,0,-407.98
"RB01","ODI0005726",61411.22,0,-3588.78
"RB01","ODI0008323",2893.11,0,-106.89
"RB01","ODI0000744",121864.69,0,-5875.25
"RB01","ODI0014904",128448.08,0,-1551.92
"RB01","ODI0009999",2989.19,0,-331.27
"RB01","ODI0005581",13424.07,0,-575.93
"LT01","ODI0001670",2000.63,0,0.63
"RB01","ODI0012334",48152.82,0,-1847.18
"RB01","ODI0005841",5670.37,0,-329.63
"LT01","ODI0018811",1007.65,0,7.65
"RB01","ODI0005910",19184.07,0,-815.93
"RB01","ODI0008127",19462.07,0,-537.93
"RB01","ODI0000329",22.15,0,-8.93
"RB01","ODI0002572",21925.03,0,-74.97
"RB01","ODI0001443",76500.39,0,-3499.61
"RB01","ODI0003988",2984.92,0,-204.78
"RB01","ODI0012944",19583,0,-417
"RB01","ODI0009341",3007.79,0,7.79
"RB01","ODI0000461",53180.96,0,-1819.04
"RB01","ODI0007612",12763.4,0,-236.6
"RB01","ODI0004318",0,0,0.49
"RB01","ODI0011243",2002.77,0,2.77
"RB01","ODI0013940",38141.11,0,-1858.89
"RB01","ODI0014690",10854.49,0,-145.51
"RB01","ODI0004613",1006.12,0,6.12
"RB01","ODI0007879",7694.15,0,-305.85
"RB01","ODI0002111",0,0,-39.3
"RB01","ODI0003664",24145.6,0,-854.4
"RB01","ODI0004581",9113.94,0,-386.06
"RB01","ODI0006823",23943.05,0,-1056.95
"RB01","ODI0007978",0,0,-582.11
"RB01","ODI0003506",182021.61,0,-7978.39
"RB01","ODI0006175",0,0,-208.31
"RB01","ODI0003572",19887,0,-1113
"RB01","ODI0012719",2965.36,0,-34.64
"RB01","ODI0008266",4933.26,0,-66.74
"RB01","ODI0009775",1905.46,0,-94.54
"RB01","ODI0013530",6919.76,0,-80.24
"RB01","ODI0004600",18.4,0,-529.46
"RB01","ODI0002693",95311.84,0,-4688.16
"RB01","ODI0014496",1995.34,0,-4.66
"RB01","ODI0011100",7539.8,0,-460.2
"RB01","ODI0014621",48128.31,0,-1871.69
"RB01","ODI0007876",12516.08,0,-483.92
"LT01","ODI0012987",48460.41,0,-1539.59
"LT01","ODI0017966",1960.03,0,-39.97
"RB01","ODI0000130",1923.66,0,-76.34
"RB01","ODI0015224",5876.47,0,-123.53
"RB01","ODI0004714",11994.46,0,-405.54
"RB01","ODI0002579",4872.17,0,-160.83
"RB01","ODI0018347",1000.55,0,0.55
"RB01","ODI0012562",17378.44,0,-621.56
"LT01","ODI0002837",964.3,0,-35.7
"LT01","ODI0007521",4719.71,0,-280.29
"RB01","ODI0005097",0,0,-0.42
"RB01","ODI0014101",1995.34,0,-4.66
"LT01","ODI0006205",9819.19,0,-180.81
"RB01","ODI0009790",5749.23,0,-250.77
"LT01","ODI0014746",48932.58,0,-1067.42
"RB01","ODI0007794",0,0,-273.51
"RB01","ODI0000846",27083.12,0,-916.88
"RB01","ODI0012094",24381.41,0,-618.59
"RB01","ODI0002637",15415.34,0,-584.66
"RB01","ODI0015234",5000,0,0
"RB01","ODI0007463",9556.98,0,-443.02
"RB01","ODI0000097",23293.05,0,-706.95
"RB01","ODI0006669",14384.16,0,-615.84
"RB01","ODI0017377",2003.3,0,3.3
"LT01","ODI0012271",170318.11,0,-9681.89
"RB01","ODI0009046",0,0,-97.45
"RB01","ODI0000276",21386.38,0,-613.62
"RB01","ODI0008186",18988.64,0,-1011.36
"RB01","ODI0015201",77511.07,0,-2488.93
"RB01","ODI0007133",5767.66,0,-232.34
"RB01","ODI0019680",1000,0,0
"RB01","ODI0000427",4940.75,0,-59.25
"RB01","ODI0000714",0,0,71.59
"RB01","ODI0001123",10887.85,0,-112.15
"RB01","ODI0012793",14527.12,0,-472.88
"RB01","ODI0004793",9737.95,0,-262.05
"RB01","ODI0000976",0,0,-63.33
"RB01","ODI0010407",5896.75,0,-103.25
"LT01","ODI0006237",7951.76,0,-48.24
"RB01","ODI0009928",66648.77,0,-3351.23
"RB01","ODI0000929",4987.62,0,-1005.99
"RB01","ODI0006948",1995.34,0,-465.86
"RB01","ODI0002396",10560.63,0,-439.37
"RB01","ODI0004498",0,0,-239.81
"RB01","ODI0015480",1003.7,0,3.7
"RB01","ODI0005878",4384.77,0,-628.41
"RB01","ODI0012166",10880.11,0,-119.89
"LT01","ODI0002074",4807.56,0,-192.44
"RB01","ODI0004583",5773.53,0,-226.47
"RB01","ODI0001772",0,0,68.12
"RB01","ODI0003413",189667.23,0,-10332.77
"RB01","ODI0001422",14365.08,0,-634.92
"RB01","ODI0010158",391979.39,391979.39,-11020.61
"RB01","ODI0014573",2995.34,0,-4.66
"RB01","ODI0015490",1987.36,0,-12.64
"RB01","ODI0007575",2002.11,0,-87
"RB01","ODI0004881",19260.59,0,-739.41
"RB01","ODI0012611",19904.41,0,-95.59
"RB01","ODI0012049",928,0,-139.04
"RB01","ODI0004837",0,0,-85.62
"RB01","ODI0000455",11051.66,0,-448.34
"RB01","ODI0005339",17221.49,0,-778.51
"RB01","ODI0014654",0,0,-51.84
"RB01","ODI0000324",5641.58,0,-358.42
"LT01","ODI0013899",931.81,0,-68.19
"RB01","ODI0001642",4911.82,0,-88.18
"RB01","ODI0014436",8768.72,0,-231.28
"LT01","ODI0013755",2000.63,0,0.63
"RB01","ODI0000234",21.55,0,-46.89
"RB01","ODI0006526",2986.72,0,-14.02
"LT01","ODI0015955",2851.19,0,-148.81
"RB01","ODI0005854",0,0,-30.31
"RB01","ODI0000059",0,0,-651.12
"RB01","ODI0011420",61797.16,0,-3202.84
"RB01","ODI0015705",2002.5,0,2.5
"RB01","ODI0016154",3889.85,0,-110.15
"RB01","ODI0006202",309868.17,0,-16131.83
"RB01","ODI0000484",28339.86,0,-1660.14
"RB01","ODI0006792",177.79,0,-2168.99
"RB01","ODI0004535",0,0,0.95
"RB01","ODI0012333",3611.24,0,-61.23
"RB01","ODI0002153",3897.16,0,-102.84
"RB01","ODI0007642",0,0,-222.67
"RB01","ODI0013539",0,0,-17.61
"RB01","ODI0011462",3985.83,0,-14.17
"MK01","ODI0003941",3461.43,0,-434.05
"RB01","ODI0008683",0,0,-0.7
"LT01","ODI0010750",959.98,0,-40.02
"RB01","ODI0005486",9661.34,0,-338.66
"RB01","ODI0001177",18631.71,0,-368.29
"RB01","ODI0005716",11987.75,0,-512.25
"RB01","ODI0007635",0,0,-186.89
"RB01","ODI0011658",94085.64,0,-5914.36
"RB01","ODI0001520",78379.8,0,-1620.2
"RB01","ODI0014852",9785.65,0,-214.35
"RB01","ODI0005790",2908.39,0,-105.84
"RB01","ODI0011894",999.99,0,-165.59
"RB01","ODI0001688",0,0,-0.59
"RB01","ODI0001379",9302.54,0,-697.46
"RB01","ODI0006007",0,0,-319.64
"RB01","ODI0011229",1106.8,0,6.8
"RB01","ODI0013447",24493.3,0,-506.7
"LT01","ODI0000739",4747,0,-253
"LT01","ODI0004855",2833.02,0,-166.98
"RB01","ODI0005638",7583.2,0,-416.8
"RB01","ODI0013536",24431.42,0,-568.58
"RB01","ODI0001675",11403.34,0,-596.66
"RB01","ODI0001456",3706.52,0,-43.48
"RB01","ODI0008511",0,0,-53.16
"LT01","ODI0014915",961.5,0,-38.5
"LT01","ODI0003667",2886.39,0,-113.61
"RB01","ODI0013230",49233.04,0,-766.96
"RB01","ODI0006602",7792.84,0,-207.16
"RB01","ODI0019472",9999.35,0,-0.65
"RB01","ODI0018485",4948.87,0,-51.13
"LT01","ODI0013617",9571.33,0,-428.67
"RB01","ODI0000712",67739.91,0,-2260.09
"RB01","ODI0003023",26653.3,0,-1346.7
"RB01","ODI0003357",9652.45,0,-347.55
"RB01","ODI0019244",4990.53,0,-9.47
"LT01","ODI0001909",1007.65,0,7.65
"RB01","ODI0003878",1995.34,0,-396.29
"RB01","ODI0008025",6868.82,0,-131.18
"RB01","ODI0006900",1505.32,0,-60.15
"LT01","ODI0019240",30214.98,0,214.98
"LT01","ODI0005937",71768.68,0,-3231.32
"RB01","ODI0005574",15352.47,0,-647.53
"RB01","ODI0006765",11897.07,0,-667.93
"RB01","ODI0016989",4964.27,0,-35.73
"RB01","ODI0012051",0,0,-45.69
"RB01","ODI0002292",1004.99,0,-150.67
"RB01","ODI0005100",8652.94,0,-347.06
"RB01","ODI0007055",19028.56,0,-971.44
"RB01","ODI0003263",7702.99,0,-297.01
"RB01","ODI0003935",13265.86,0,-734.14
"RB01","ODI0002769",8723.77,7723.77,-276.23
"RB01","ODI0005496",13345.88,0,-654.12
"RB01","ODI0014838",0,0,0.46
"RB01","ODI0004070",5980.69,0,-19.31
"RB01","ODI0011629",7739.99,0,-260.01
"RB01","ODI0015813",1963.75,0,-36.25
"RB01","ODI0008218",0,0,-1124.18
"RB01","ODI0003014",114178.31,0,-6283.77
"RB01","ODI0004124",9806.32,0,-193.68
"RB01","ODI0018907",10020.54,0,20.54
"LT01","ODI0015433",88093.94,0,-906.06
"RB01","ODI0003114",4816.12,0,-183.88
"RB01","ODI0002370",9567.28,0,-432.72
"RB01","ODI0005622",16971.41,0,-1028.59
"RB01","ODI0008851",21105.47,0,-1894.53
"RB01","ODI0005599",16964,0,-1036
"RB01","ODI0002189",10682.61,0,-317.39
"RB01","ODI0016238",24719.56,0,-280.44
"LT01","ODI0014987",28952.44,0,-1047.56
"RB01","ODI0006322",24882.1,0,-117.9
"RB01","ODI0012239",0,0,-121.98
"LT01","ODI0004069",116810.09,0,-3189.91
"RB01","ODI0007568",10557.51,0,-442.49
"RB01","ODI0005300",14601.51,0,-398.49
"RB01","ODI0006972",0,0,27.58
"RB01","ODI0000506",6665.49,0,-334.51
"RB01","ODI0008548",0,0,0.72
"RB01","ODI0001116",29511.08,0,-488.92
"RB01","ODI0001377",9740.88,0,-259.12
"RB01","ODI0006613",23831.16,0,-1168.84
"RB01","ODI0002855",47457.38,0,-2542.62
"RB01","ODI0006736",52156.4,0,-1801.58
"RB01","ODI0005296",0,0,-107.4
"RB01","ODI0011775",18489.26,0,-510.74
"RB01","ODI0006031",4891.11,0,-108.89
"RB01","ODI0008584",0,0,-0.7
"RB01","ODI0009241",2952.07,0,-47.93
"LT01","ODI0000280",202433.26,0,2433.26
"RB01","ODI0001973",15475.1,0,-524.9
"RB01","ODI0011157",14305.43,0,-694.57
"RB01","ODI0014948",1989.11,0,-10.89
"RB01","ODI0008929",0,0,-718.58
"RB01","ODI0001496",61109.6,0,-2890.4
"RB01","ODI0015196",4891.11,0,-108.89
"RB01","ODI0019660",100000,0,0
"RB01","ODI0010866",5635.31,0,-364.69
"RB01","ODI0012465",17551.35,0,-448.65
"RB01","ODI0004067",948.6,0,-51.4
"RB01","ODI0003052",5789.55,0,-210.45
"RB01","ODI0003006",0,0,-139.14
"RB01","ODI0004924",4954.23,0,-45.77
"RB01","ODI0005543",0,0,-1.03
"RB01","ODI0001946",0,0,-37.57
"RB01","ODI0011158",9344.15,0,-655.85
"RB01","ODI0005164",9630.72,0,-369.28
"RB01","ODI0014106",999.99,0,-0.01
"RB01","ODI0014712",999.99,0,-0.01
"RB01","ODI0009176",0,0,-113.43
"LT01","ODI0004767",5754.8,0,-245.2
"RB01","ODI0012794",12747.01,0,-252.99
"RB01","ODI0007314",9231.88,0,-337.8
"RB01","ODI0006294",24086.48,0,-913.52
"RB01","ODI0002859",47672.17,0,-3327.83
"RB01","ODI0002566",1996.68,0,-125.55
"RB01","ODI0008106",999.99,0,-30.49
"RB01","ODI0012311",7925.65,0,-74.35
"RB01","ODI0014566",3015.66,0,15.66
"RB01","ODI0004857",5807.27,0,-192.73
"RB01","ODI0002126",4964.63,0,-35.37
"RB01","ODI0002655",12198.94,0,-801.06
"RB01","ODI0007769",8519.57,0,-480.43
"RB01","ODI0005186",0,0,0.04
"LT01","ODI0018290",10008.66,0,8.66
"RB01","ODI0008069",0,0,2.77
"RB01","ODI0011328",0,0,-28.07
"RB01","ODI0019587",19952.37,0,-47.63
"RB01","ODI0007757",488010.04,0,-21739.96
"RB01","ODI0003365",4929.69,0,-70.31
"LT01","ODI0000067",227464.52,0,-7535.48
"MK01","ODI0008686",8967.71,0,45.86
"LT01","ODI0000072",26706.34,0,-293.66
"RB01","ODI0005830",0,0,-185.8
"RB01","ODI0007868",23938.4,0,-1061.6
"LT01","ODI0014678",964.43,0,-35.57
"LT01","ODI0015441",938.51,0,-61.49
"RB01","ODI0000907",5781.18,0,-218.82
"MK01","ODI0004310",4999.96,0,-0.04
"LT01","ODI0000068",339364.38,0,-10635.62
"RB01","ODI0012222",7702.43,0,-297.57
"RB01","ODI0009364",0,0,5.05
"LT01","ODI0012358",4313.92,0,-186.08
"RB01","ODI0000034",46696.42,0,-3303.58
"RB01","ODI0008828",8714.45,0,-285.55
"RB01","ODI0000818",29397.76,0,-602.24
"RB01","ODI0015751",14871.17,0,-128.83
"RB01","ODI0003043",0,0,-0.18
"RB01","ODI0016980",6964.27,0,-35.73
"RB01","ODI0009233",999.99,0,-0.01
"RB01","ODI0011600",10425.41,0,-574.59
"RB01","ODI0013702",29301.03,0,-698.97
"RB01","ODI0007807",77516.28,0,-2483.72
"RB01","ODI0004688",20778.51,0,-1221.49
"RB01","ODI0016847",5934.34,0,-65.66
"RB01","ODI0009152",13726.41,0,-781.95
"RB01","ODI0014093",5857.84,0,-142.16
"RB01","ODI0002063",41429.84,0,-1570.16
"RB01","ODI0003876",0,0,-56.06
"RB01","ODI0004155",0,0,-271.81
"RB01","ODI0011582",112190.39,0,-7809.61
"LT01","ODI0013987",14487.82,0,-512.18
"RB01","ODI0010680",505.7,0,-47.76
"RB01","ODI0009510",4961.86,0,-38.14
"RB01","ODI0014158",9614.27,0,-385.73
"RB01","ODI0000293",177250.75,0,-7749.25
"RB01","ODI0010294",2007.77,0,7.77
"RB01","ODI0011663",453.3,453.3,-1218.11
"RB01","ODI0014773",1995.34,0,-4.66
"RB01","ODI0014164",156002.27,0,-3997.73
"RB01","ODI0000227",4865.8,0,-134.2
"RB01","ODI0001342",13727.63,0,-472.37
"RB01","ODI0011951",6807.99,0,-192.01
"RB01","ODI0017116",1001.34,0,1.34
"LT01","ODI0000092",4752.58,0,-247.42
"RB01","ODI0010218",0,0,-18.38
"RB01","ODI0012447",2002.77,0,-14.38
"RB01","ODI0000084",0,0,0.79
"RB01","ODI0007776",1932.4,0,-67.6
"RB01","ODI0002708",114403.38,0,-5596.62
"RB01","ODI0015613",9725.42,0,-274.58
"RB01","ODI0010578",1002.78,0,2.78
"RB01","ODI0000198",0,0,0.47
"RB01","ODI0002091",6568.35,0,-431.65
"RB01","ODI0003338",0,0,-106.31
"LT01","ODI0014140",4918.18,0,-81.82
"RB01","ODI0016818",4933.97,0,-66.03
"RB01","ODI0015357",1001.58,0,1.58
"RB01","ODI0002263",1006.54,0,6.54
"RB01","ODI0010385",16525.36,0,-974.64
"LT01","ODI0005292",3816.96,0,-183.04
"RB01","ODI0013521",9834.93,0,-165.07
"RB01","ODI0006975",3870,0,-130
"LT01","ODI0015750",964.3,0,-35.7
"RB01","ODI0000486",64657.79,0,-2290.41
"RB01","ODI0012959",1936.65,1936.65,-63.35
"RB01","ODI0007036",4884.26,0,-115.74
"RB01","ODI0013982",4803.94,0,-196.06
"RB01","ODI0005953",0,0,0.13
"RB01","ODI0008205",674679.61,0,-25320.39
"RB01","ODI0004464",1891.7,0,-108.3
"LT01","ODI0009374",2883.38,0,-116.62
"RB01","ODI0015044",107759.61,0,-2240.39
"RB01","ODI0000838",32.35,0,102.45
"RB01","ODI0016422",5923.2,0,-76.8
"RB01","ODI0000291",1000,0,0
"RB01","ODI0012193",38644.22,0,-1355.78
"RB01","ODI0011109",3007.76,0,7.76
"LT01","ODI0017331",49231.08,0,-768.92
"RB01","ODI0007928",2002.77,0,-946.25
"RB01","ODI0011578",6522.09,0,-477.91
"RB01","ODI0013605",5001.86,0,1.86
"RB01","ODI0003972",56280.85,0,-3719.15
"RB01","ODI0005003",9646.73,0,-353.27
"RB01","ODI0015430",6932.69,0,-67.31
"RB01","ODI0001311",12271.85,0,-728.15
"RB01","ODI0011964",7784.57,0,-215.43
"RB01","ODI0016576",9799.07,0,-200.93
"RB01","ODI0003050",176856.97,0,-7646.27
"RB01","ODI0009032",1934.45,0,-120.5
"RB01","ODI0007370",14620.49,0,-379.51
"RB01","ODI0002567",16234.14,0,-765.86
"RB01","ODI0009574",3997.55,0,-2.45
"RB01","ODI0009313",0,0,-81.26
"LT01","ODI0004519",9765.94,0,-234.06
"RB01","ODI0014694",2962.19,0,-37.81
"RB01","ODI0013226",6463.47,0,-36.53
"RB01","ODI0003835",0,0,-69.14
"RB01","ODI0001064",14.08,0,-590.94
"RB01","ODI0009220",0,0,-522.93
"RB01","ODI0007207",0,0,-0.1
"RB01","ODI0015479",1003.73,0,3.73
"RB01","ODI0000948",15479.9,0,-520.1
"RB01","ODI0015836",1000.55,0,0.55
"RB01","ODI0000763",0,0,46.41
"RB01","ODI0001447",7683.25,0,-316.75
"RB01","ODI0015391",6916.29,0,-83.71
"LT01","ODI0008897",3892.01,0,-107.99
"LT01","ODI0000849",196662.66,0,-3337.34
"RB01","ODI0011153",6688.59,0,-311.41
"RB01","ODI0000572",4181.39,0,-794.51
"RB01","ODI0001911",0,0,-150.2
"RB01","ODI0008222",7808.88,0,-191.12
"RB01","ODI0010629",146909.16,0,-3090.84
"LT01","ODI0015911",100606.55,0,606.55
"RB01","ODI0003433",9491.73,0,-508.27
"RB01","ODI0019727",4990.53,0,-9.47
"RB01","ODI0000254",11857.96,0,-142.04
"LT01","ODI0019202",50608.18,0,608.18
"RB01","ODI0014165",15614,0,-386
"RB01","ODI0000146",64.03,0,156.03
"RB01","ODI0004487",28490.56,0,-1509.44
"RB01","ODI0015592",4911.57,0,-88.43
"RB01","ODI0006256",9781.41,0,-218.59
