acc_no,RB_L,RB_F,RB_M,LT_L,LT_F,LT_M,ALL_L,ALL_F,ALL_M
ODI0000034,162,7,50000.0,8,2,100000.0,162,9,150000.0
ODI0000059,205,10,651.1200000000026,0,0,0.0,205,10,651.1200000000026
ODI0000067,203,13,135000.0,56,11,235000.0,203,24,370000.0
ODI0000068,185,5,419545.54,22,2,350000.0,185,7,769545.54
ODI0000072,218,9,12999.96,35,2,27000.0,218,11,39999.96
ODI0000080,220,0,0.0,0,0,0.0,220,0,0.0
ODI0000082,181,2,25000.0,9,2,21000.0,181,4,46000.0
ODI0000083,183,1,-102.07999999999993,0,0,0.0,183,1,-102.07999999999993
ODI0000084,4,0,-0.7899999999999636,0,0,0.0,4,0,-0.7899999999999636
ODI0000086,218,2,2100.0,0,0,0.0,218,2,2100.0
ODI0000089,179,-1,5.079999999999927,0,0,0.0,179,-1,5.079999999999927
ODI0000090,21,0,3.810000000000059,0,0,0.0,21,0,3.810000000000059
ODI0000091,33,0,-0.009999999999990905,0,0,0.0,33,0,-0.009999999999990905
ODI0000092,226,6,3031.9300000000003,62,1,5000.0,226,7,8031.93
ODI0000097,197,6,24000.0,0,0,0.0,197,6,24000.0
ODI0000099,76,0,-0.7400000000000091,0,0,0.0,76,0,-0.7400000000000091
ODI0000103,70,1,7.100000000000023,0,0,0.0,70,1,7.100000000000023
ODI0000104,2,0,-0.1999999999998181,0,0,0.0,2,0,-0.1999999999998181
ODI0000128,145,5,462.23999999999796,0,0,0.0,145,5,462.23999999999796
ODI0000129,123,0,-100.26999999999862,0,0,0.0,123,0,-100.26999999999862
ODI0000130,181,2,2000.0,0,0,0.0,181,2,2000.0
ODI0000134,122,2,10000.0,0,0,0.0,122,2,10000.0
ODI0000135,185,6,33000.0,0,0,0.0,185,6,33000.0
ODI0000140,202,8,13000.0,55,2,2000.0,202,10,15000.0
ODI0000146,202,1,-92.0,0,0,0.0,202,1,-92.0
ODI0000147,196,52,349653.28,0,0,0.0,196,52,349653.28
ODI0000151,203,8,40000.0,0,0,0.0,203,8,40000.0
ODI0000162,203,1,3886.9800000000005,0,0,0.0,203,1,3886.9800000000005
ODI0000164,129,4,20000.0,17,2,60000.0,129,6,80000.0
ODI0000166,94,4,4000.0,0,0,0.0,94,4,4000.0
ODI0000173,203,6,129944.3,0,0,0.0,203,6,129944.3
ODI0000177,156,1,10000.0,0,0,0.0,156,1,10000.0
ODI0000183,203,4,100000.0,0,0,0.0,203,4,100000.0
ODI0000184,55,0,75.67000000000007,0,0,0.0,55,0,75.67000000000007
ODI0000186,51,1,5000.0,0,0,0.0,51,1,5000.0
ODI0000198,4,0,-0.4700000000000273,0,0,0.0,4,0,-0.4700000000000273
ODI0000201,146,1,5000.0,0,0,0.0,146,1,5000.0
ODI0000202,203,10,62948.2,56,3,3000.0,203,13,65948.2
ODI0000218,185,7,70000.0,0,0,0.0,185,7,70000.0
ODI0000227,23,1,5000.0,0,0,0.0,23,1,5000.0
ODI0000232,203,1,5000.0,0,0,0.0,203,1,5000.0
ODI0000234,190,1,68.44000000000051,0,0,0.0,190,1,68.44000000000051
ODI0000235,48,1,1000.0,0,0,0.0,48,1,1000.0
ODI0000241,185,8,3043.550000000003,0,0,0.0,185,8,3043.550000000003
ODI0000247,203,8,12000.0,51,1,5000.0,203,9,17000.0
ODI0000251,156,6,300000.0,0,0,0.0,156,6,300000.0
ODI0000253,203,5,25000.0,0,0,0.0,203,5,25000.0
ODI0000254,49,5,12000.0,35,1,2000.0,49,6,14000.0
ODI0000256,199,8,12000.0,0,0,0.0,199,8,12000.0
ODI0000257,203,6,19000.0,0,0,0.0,203,6,19000.0
ODI0000259,155,5,43894.89,0,0,0.0,155,5,43894.89
ODI0000267,189,7,17000.0,0,0,0.0,189,7,17000.0
ODI0000269,202,7,7000.0,0,0,0.0,202,7,7000.0
ODI0000270,198,7,60000.0,0,0,0.0,198,7,60000.0
ODI0000271,63,3,3000.0,37,1,1000.0,63,4,4000.0
ODI0000273,203,4,15000.0,0,0,0.0,203,4,15000.0
ODI0000276,197,2,22000.0,0,0,0.0,197,2,22000.0
ODI0000277,199,8,30000.0,0,0,0.0,199,8,30000.0
ODI0000280,0,0,0.0,7,1,200000.0,7,1,200000.0
ODI0000284,126,6,63976.37,0,0,0.0,126,6,63976.37
ODI0000288,188,2,20000.0,0,0,0.0,188,2,20000.0
ODI0000289,198,1,50041.68,0,0,0.0,198,1,50041.68
ODI0000291,1,1,1000.0,0,0,0.0,1,1,1000.0
ODI0000293,203,9,185000.0,0,0,0.0,203,9,185000.0
ODI0000299,192,8,18000.0,0,0,0.0,192,8,18000.0
ODI0000300,59,3,3000.0,0,0,0.0,59,3,3000.0
ODI0000303,203,3,15000.0,0,0,0.0,203,3,15000.0
ODI0000321,199,7,60000.0,0,0,0.0,199,7,60000.0
ODI0000324,203,2,6000.0,0,0,0.0,203,2,6000.0
ODI0000325,122,4,5000.0,0,0,0.0,122,4,5000.0
ODI0000329,198,1,31.079999999999927,0,0,0.0,198,1,31.079999999999927
ODI0000337,185,7,15000.0,0,0,0.0,185,7,15000.0
ODI0000339,70,4,8000.0,0,0,0.0,70,4,8000.0
ODI0000348,136,3,18000.0,0,0,0.0,136,3,18000.0
ODI0000351,203,17,40500.0,0,0,0.0,203,17,40500.0
ODI0000356,199,7,35000.0,0,0,0.0,199,7,35000.0
ODI0000368,203,11,129948.16,0,0,0.0,203,11,129948.16
ODI0000376,203,4,20000.0,0,0,0.0,203,4,20000.0
ODI0000381,36,2,55.48999999999978,0,0,0.0,36,2,55.48999999999978
ODI0000388,198,3,551.9300000000003,0,0,0.0,198,3,551.9300000000003
ODI0000392,185,9,9000.0,0,0,0.0,185,9,9000.0
ODI0000403,185,4,104962.08,0,0,0.0,185,4,104962.08
ODI0000415,202,7,55000.0,0,0,0.0,202,7,55000.0
ODI0000427,192,1,5000.0,0,0,0.0,192,1,5000.0
ODI0000436,203,29,54000.0,0,0,0.0,203,29,54000.0
ODI0000437,94,5,270000.0,0,0,0.0,94,5,270000.0
ODI0000438,71,4,11000.0,51,1,1000.0,71,5,12000.0
ODI0000439,203,2,100000.0,0,0,0.0,203,2,100000.0
ODI0000444,185,2,74350.83,0,0,0.0,185,2,74350.83
ODI0000455,202,7,11500.0,0,0,0.0,202,7,11500.0
ODI0000461,198,8,55000.0,0,0,0.0,198,8,55000.0
ODI0000474,99,4,10000.0,0,0,0.0,99,4,10000.0
ODI0000475,157,4,348.85999999999876,0,0,0.0,157,4,348.85999999999876
ODI0000479,199,2,20000.0,0,0,0.0,199,2,20000.0
ODI0000480,185,7,7000.0,0,0,0.0,185,7,7000.0
ODI0000484,202,8,30000.0,0,0,0.0,202,8,30000.0
ODI0000485,203,8,40000.0,0,0,0.0,203,8,40000.0
ODI0000486,202,6,66948.2,0,0,0.0,202,6,66948.2
ODI0000489,185,8,15000.0,0,0,0.0,185,8,15000.0
ODI0000493,203,9,56000.0,10,1,10000.0,203,10,66000.0
ODI0000501,185,4,4000.0,0,0,0.0,185,4,4000.0
ODI0000506,185,7,7000.0,0,0,0.0,185,7,7000.0
ODI0000508,189,2,40000.0,0,0,0.0,189,2,40000.0
ODI0000521,23,0,-52.82999999999993,0,0,0.0,23,0,-52.82999999999993
ODI0000524,203,3,499548.26,0,0,0.0,203,3,499548.26
ODI0000525,202,7,21000.0,0,0,0.0,202,7,21000.0
ODI0000528,199,16,156000.0,0,0,0.0,199,16,156000.0
ODI0000529,38,1,1000.0,0,0,0.0,38,1,1000.0
ODI0000537,199,1,5000.0,0,0,0.0,199,1,5000.0
ODI0000546,149,7,17241.0,0,0,0.0,149,7,17241.0
ODI0000557,202,0,199859.88,0,0,0.0,202,0,199859.88
ODI0000572,202,4,4975.9000000000015,0,0,0.0,202,4,4975.9000000000015
ODI0000573,190,4,10000.0,0,0,0.0,190,4,10000.0
ODI0000591,195,3,10000.0,0,0,0.0,195,3,10000.0
ODI0000598,27,1,5000.0,0,0,0.0,27,1,5000.0
ODI0000611,198,7,65000.0,52,2,30000.0,198,9,95000.0
ODI0000623,185,7,16500.0,0,0,0.0,185,7,16500.0
ODI0000625,161,7,16000.0,0,0,0.0,161,7,16000.0
ODI0000630,198,6,94945.46,0,0,0.0,198,6,94945.46
ODI0000634,100,6,20000.0,0,0,0.0,100,6,20000.0
ODI0000647,149,2,186.4499999999989,0,0,0.0,149,2,186.4499999999989
ODI0000682,197,1,2000.0,0,0,0.0,197,1,2000.0
ODI0000684,174,3,7400.0,14,1,5000.0,174,4,12400.0
ODI0000690,192,0,-480.88000000000466,0,0,0.0,192,0,-480.88000000000466
ODI0000712,140,7,70000.0,0,0,0.0,140,7,70000.0
ODI0000714,115,0,-71.59000000000015,0,0,0.0,115,0,-71.59000000000015
ODI0000716,185,4,537814.88,0,0,0.0,185,4,537814.88
ODI0000726,35,0,-39.35999999999967,0,0,0.0,35,0,-39.35999999999967
ODI0000730,133,6,306.72999999999956,0,0,0.0,133,6,306.72999999999956
ODI0000738,195,0,-25.029999999999745,0,0,0.0,195,0,-25.029999999999745
ODI0000739,183,10,66000.0,31,1,5000.0,183,11,71000.0
ODI0000744,199,5,127739.94,0,0,0.0,199,5,127739.94
ODI0000755,83,1,5000.0,0,0,0.0,83,1,5000.0
ODI0000757,161,6,30000.0,0,0,0.0,161,6,30000.0
ODI0000759,153,1,5000.0,0,0,0.0,153,1,5000.0
ODI0000760,190,3,13000.0,0,0,0.0,190,3,13000.0
ODI0000763,78,2,-46.409999999999854,0,0,0.0,78,2,-46.409999999999854
ODI0000765,141,6,10000.0,0,0,0.0,141,6,10000.0
ODI0000768,185,7,14000.0,0,0,0.0,185,7,14000.0
ODI0000770,197,1,4936.07,0,0,0.0,197,1,4936.07
ODI0000799,203,1,946.6800000000003,0,0,0.0,203,1,946.6800000000003
ODI0000806,9,0,40.309999999999945,0,0,0.0,9,0,40.309999999999945
ODI0000811,197,9,13000.0,0,0,0.0,197,9,13000.0
ODI0000818,199,1,30000.0,0,0,0.0,199,1,30000.0
ODI0000819,115,4,4000.0,0,0,0.0,115,4,4000.0
ODI0000823,175,1,5000.0,0,0,0.0,175,1,5000.0
ODI0000827,183,2,15000.0,0,0,0.0,183,2,15000.0
ODI0000830,38,2,20000.0,0,0,0.0,38,2,20000.0
ODI0000831,153,1,100000.0,0,0,0.0,153,1,100000.0
ODI0000834,115,0,15.30999999999949,0,0,0.0,115,0,15.30999999999949
ODI0000838,199,2,-70.10000000000036,0,0,0.0,199,2,-70.10000000000036
ODI0000840,191,7,11000.0,0,0,0.0,191,7,11000.0
ODI0000846,198,8,28000.0,0,0,0.0,198,8,28000.0
ODI0000849,199,6,184917.54,34,3,200000.0,199,9,384917.54000000004
ODI0000857,155,1,15000.0,0,0,0.0,155,1,15000.0
ODI0000862,108,7,47000.0,55,6,50000.0,108,13,97000.0
ODI0000864,129,2,2000.0,0,0,0.0,129,2,2000.0
ODI0000881,85,3,20000.0,0,0,0.0,85,3,20000.0
ODI0000901,122,5,25000.0,0,0,0.0,122,5,25000.0
ODI0000907,177,6,6000.0,0,0,0.0,177,6,6000.0
ODI0000910,197,4,9000.0,0,0,0.0,197,4,9000.0
ODI0000928,199,4,30000.0,0,0,0.0,199,4,30000.0
ODI0000929,197,7,5993.610000000001,0,0,0.0,197,7,5993.610000000001
ODI0000930,199,6,5004.040000000001,0,0,0.0,199,6,5004.040000000001
ODI0000933,45,-1,58.279999999998836,0,0,0.0,45,-1,58.279999999998836
ODI0000944,15,2,20000.0,0,0,0.0,15,2,20000.0
ODI0000948,192,9,16000.0,0,0,0.0,192,9,16000.0
ODI0000960,133,7,20000.0,0,0,0.0,133,7,20000.0
ODI0000970,185,4,19000.0,0,0,0.0,185,4,19000.0
ODI0000976,32,0,63.32999999999993,0,0,0.0,32,0,63.32999999999993
ODI0000977,199,0,199858.94,0,0,0.0,199,0,199858.94
ODI0000981,154,6,6000.0,0,0,0.0,154,6,6000.0
ODI0000986,52,1,1000.0,0,0,0.0,52,1,1000.0
ODI0000990,202,-1,62790.830000000016,8,1,10000.0,202,0,72790.83000000002
ODI0000994,199,8,55000.0,35,2,23000.0,199,10,78000.0
ODI0000996,202,2,9868.32,13,1,2000.0,202,3,11868.32
ODI0001001,202,9,18000.0,0,0,0.0,202,9,18000.0
ODI0001008,42,3,272.75,0,0,0.0,42,3,272.75
ODI0001020,113,4,15000.0,0,0,0.0,113,4,15000.0
ODI0001022,31,2,6000.0,0,0,0.0,31,2,6000.0
ODI0001032,197,8,130000.0,0,0,0.0,197,8,130000.0
ODI0001034,57,1,66.35000000000036,0,0,0.0,57,1,66.35000000000036
ODI0001040,197,6,10000.0,0,0,0.0,197,6,10000.0
ODI0001048,31,1,5000.0,0,0,0.0,31,1,5000.0
ODI0001049,199,4,8000.0,0,0,0.0,199,4,8000.0
ODI0001057,203,45,145000.0,0,0,0.0,203,45,145000.0
ODI0001058,202,-1,101297.12,0,0,0.0,202,-1,101297.12
ODI0001064,203,4,605.0200000000004,0,0,0.0,203,4,605.0200000000004
ODI0001078,25,0,-74.32999999999993,0,0,0.0,25,0,-74.32999999999993
ODI0001085,86,2,-15.989999999999782,0,0,0.0,183,2,-15.989999999999782
ODI0001087,202,7,25964.31,0,0,0.0,202,7,25964.31
ODI0001097,202,8,80000.0,0,0,0.0,202,8,80000.0
ODI0001107,203,0,2856.8300000000017,0,0,0.0,203,0,2856.8300000000017
ODI0001109,51,2,6000.0,51,2,6000.0,51,4,12000.0
ODI0001110,156,4,3994.9399999999996,0,0,0.0,156,4,3994.9399999999996
ODI0001116,203,8,30000.0,0,0,0.0,203,8,30000.0
ODI0001117,1,1,1000.0,0,0,0.0,1,1,1000.0
ODI0001120,190,8,36000.0,0,0,0.0,190,8,36000.0
ODI0001122,156,6,15000.0,0,0,0.0,156,6,15000.0
ODI0001123,43,3,11000.0,0,0,0.0,43,3,11000.0
ODI0001128,189,5,174392.96,0,0,0.0,189,5,174392.96
ODI0001134,58,1,4178.809999999998,0,0,0.0,58,1,4178.809999999998
ODI0001143,171,6,27000.0,0,0,0.0,171,6,27000.0
ODI0001150,203,1,10000.0,0,0,0.0,203,1,10000.0
ODI0001152,16,-1,75.86999999999989,0,0,0.0,16,-1,75.86999999999989
ODI0001154,83,2,15000.0,0,0,0.0,83,2,15000.0
ODI0001158,177,5,9000.0,55,2,51000.0,177,7,60000.0
ODI0001163,203,1,5000.0,0,0,0.0,203,1,5000.0
ODI0001168,108,3,201.94000000000005,0,0,0.0,108,3,201.94000000000005
ODI0001176,189,1,5000.0,0,0,0.0,189,1,5000.0
ODI0001177,65,5,19000.0,0,0,0.0,65,5,19000.0
ODI0001198,203,8,170000.0,0,0,0.0,203,8,170000.0
ODI0001199,183,6,16000.0,0,0,0.0,183,6,16000.0
ODI0001200,114,7,13000.0,0,0,0.0,114,7,13000.0
ODI0001203,63,2,2000.0,0,0,0.0,63,2,2000.0
ODI0001207,163,3,72.94999999999982,0,0,0.0,163,3,72.94999999999982
ODI0001217,196,7,23000.0,0,0,0.0,196,7,23000.0
ODI0001219,185,8,182500.0,0,0,0.0,185,8,182500.0
ODI0001226,141,7,21000.0,0,0,0.0,141,7,21000.0
ODI0001235,198,1,5000.0,0,0,0.0,198,1,5000.0
ODI0001241,192,3,1314.9199999999983,0,0,0.0,192,3,1314.9199999999983
ODI0001253,185,7,14000.0,9,1,6000.0,185,8,20000.0
ODI0001254,202,8,125000.0,0,0,0.0,202,8,125000.0
ODI0001280,28,1,100000.0,0,0,0.0,28,1,100000.0
ODI0001283,84,2,-228.8199999999997,0,0,0.0,84,2,-228.8199999999997
ODI0001296,162,8,34000.0,56,1,1000.0,162,9,35000.0
ODI0001297,197,1,10000.0,0,0,0.0,197,1,10000.0
ODI0001308,197,8,9896.169999999998,0,0,0.0,197,8,9896.169999999998
ODI0001311,195,5,13000.0,0,0,0.0,195,5,13000.0
ODI0001318,133,7,15000.0,0,0,0.0,133,7,15000.0
ODI0001342,198,8,14200.0,0,0,0.0,198,8,14200.0
ODI0001343,57,2,11000.0,0,0,0.0,57,2,11000.0
ODI0001349,197,1,20000.0,0,0,0.0,197,1,20000.0
ODI0001356,196,4,20000.0,0,0,0.0,196,4,20000.0
ODI0001359,197,1,8944.77,0,0,0.0,197,1,8944.77
ODI0001377,184,6,10000.0,0,0,0.0,184,6,10000.0
ODI0001379,136,3,10000.0,0,0,0.0,136,3,10000.0
ODI0001396,92,2,15000.0,0,0,0.0,92,2,15000.0
ODI0001401,155,5,10000.0,0,0,0.0,155,5,10000.0
ODI0001403,190,3,-4540.510000000009,0,0,0.0,190,3,-4540.510000000009
ODI0001415,190,2,10000.0,0,0,0.0,190,2,10000.0
ODI0001417,162,1,5000.0,0,0,0.0,162,1,5000.0
ODI0001418,190,9,27000.0,0,0,0.0,190,9,27000.0
ODI0001422,181,6,15000.0,0,0,0.0,181,6,15000.0
ODI0001432,189,8,13750.0,0,0,0.0,189,8,13750.0
ODI0001439,176,3,15261.8,0,0,0.0,176,3,15261.8
ODI0001443,161,7,80000.0,0,0,0.0,161,7,80000.0
ODI0001446,176,7,22000.0,0,0,0.0,176,7,22000.0
ODI0001447,90,4,8000.0,0,0,0.0,90,4,8000.0
ODI0001448,136,5,25000.0,0,0,0.0,136,5,25000.0
ODI0001452,184,1,249610.1,0,0,0.0,184,1,249610.1
ODI0001456,31,2,3750.0,0,0,0.0,31,2,3750.0
ODI0001464,184,-2,1411.7099999999991,0,0,0.0,184,-2,1411.7099999999991
ODI0001473,183,10,200000.0,0,0,0.0,183,10,200000.0
ODI0001481,164,6,15000.0,0,0,0.0,164,6,15000.0
ODI0001483,169,6,163000.0,0,0,0.0,169,6,163000.0
ODI0001486,135,3,80000.0,0,0,0.0,135,3,80000.0
ODI0001496,115,5,64000.0,0,0,0.0,115,5,64000.0
ODI0001499,122,3,25000.0,52,1,1000.0,122,4,26000.0
ODI0001502,132,4,25000.0,0,0,0.0,132,4,25000.0
ODI0001520,79,3,79999.99999999999,0,0,0.0,79,3,79999.99999999999
ODI0001526,176,2,6000.0,0,0,0.0,176,2,6000.0
ODI0001529,177,1,138.4399999999996,0,0,0.0,177,1,138.4399999999996
ODI0001554,175,0,-27.81999999999971,0,0,0.0,175,0,-27.81999999999971
ODI0001555,67,0,-42.25,0,0,0.0,67,0,-42.25
ODI0001556,9,0,13.720000000000027,0,0,0.0,9,0,13.720000000000027
ODI0001560,175,2,6000.0,0,0,0.0,175,2,6000.0
ODI0001566,126,4,10629.92,0,0,0.0,126,4,10629.92
ODI0001577,70,1,5000.0,0,0,0.0,70,1,5000.0
ODI0001578,41,3,121.46999999999935,0,0,0.0,41,3,121.46999999999935
ODI0001580,122,3,3000.0,0,0,0.0,122,3,3000.0
ODI0001586,23,0,96.35999999999967,0,0,0.0,23,0,96.35999999999967
ODI0001587,128,3,7000.0,0,0,0.0,128,3,7000.0
ODI0001594,10,1,5000.0,0,0,0.0,10,1,5000.0
ODI0001597,169,7,70000.0,0,0,0.0,169,7,70000.0
ODI0001601,167,2,64321.83,0,0,0.0,167,2,64321.83
ODI0001639,169,-1,-39.22999999999956,0,0,0.0,169,-1,-39.22999999999956
ODI0001642,169,1,5000.0,0,0,0.0,169,1,5000.0
ODI0001644,167,2,40000.0,0,0,0.0,167,2,40000.0
ODI0001646,155,3,3000.0,0,0,0.0,155,3,3000.0
ODI0001648,169,8,12000.0,52,1,1000.0,169,9,13000.0
ODI0001670,7,1,2000.0,6,1,2000.0,7,2,4000.0
ODI0001675,154,6,12000.0,0,0,0.0,154,6,12000.0
ODI0001688,98,0,0.5900000000001455,0,0,0.0,98,0,0.5900000000001455
ODI0001695,78,1,5000.0,0,0,0.0,78,1,5000.0
ODI0001710,142,3,176.39999999999964,0,0,0.0,142,3,176.39999999999964
ODI0001729,92,0,696.3599999999997,0,0,0.0,92,0,696.3599999999997
ODI0001757,161,1,5000.0,0,0,0.0,161,1,5000.0
ODI0001772,146,0,-68.11999999999898,0,0,0.0,146,0,-68.11999999999898
ODI0001792,17,2,161.64999999999964,0,0,0.0,17,2,161.64999999999964
ODI0001802,79,4,10999.999999999998,0,0,0.0,79,4,10999.999999999998
ODI0001813,169,4,8000.0,0,0,0.0,169,4,8000.0
ODI0001819,169,1,101.84999999999945,0,0,0.0,169,1,101.84999999999945
ODI0001822,167,4,8000.0,0,0,0.0,167,4,8000.0
ODI0001823,155,5,13000.0,0,0,0.0,155,5,13000.0
ODI0001834,167,0,-20.639999999999418,0,0,0.0,167,0,-20.639999999999418
ODI0001848,168,2,30.329999999999927,0,0,0.0,168,2,30.329999999999927
ODI0001877,167,7,23000.0,0,0,0.0,167,7,23000.0
ODI0001882,126,1,5000.0,0,0,0.0,126,1,5000.0
ODI0001883,168,5,5060.470000000001,0,0,0.0,168,5,5060.470000000001
ODI0001906,168,2,1129.2999999999993,56,1,1000.0,168,3,2129.2999999999993
ODI0001909,0,0,0.0,8,1,1000.0,8,1,1000.0
ODI0001911,78,0,150.20000000000073,0,0,0.0,78,0,150.20000000000073
ODI0001914,148,5,6000.0,0,0,0.0,148,5,6000.0
ODI0001921,29,0,-0.6400000000001,0,0,0.0,29,0,-0.6400000000001
ODI0001936,32,1,35.399999999999636,0,0,0.0,32,1,35.399999999999636
ODI0001938,168,3,11900.0,0,0,0.0,168,3,11900.0
ODI0001945,168,6,10060.79,0,0,0.0,168,6,10060.79
ODI0001946,86,0,37.569999999999936,0,0,0.0,86,0,37.569999999999936
ODI0001947,164,0,29.899999999999636,0,0,0.0,164,0,29.899999999999636
ODI0001954,74,1,-1045.539999999979,0,0,0.0,74,1,-1045.539999999979
ODI0001972,155,5,5000.9,0,0,0.0,155,5,5000.9
ODI0001973,168,7,16000.0,52,2,2000.0,168,9,18000.0
ODI0001976,94,3,3000.0,0,0,0.0,94,3,3000.0
ODI0001989,112,5,11000.0,0,0,0.0,112,5,11000.0
ODI0002004,156,2,6000.0,0,0,0.0,156,2,6000.0
ODI0002010,167,0,35.02000000000044,0,0,0.0,167,0,35.02000000000044
ODI0002012,141,0,299753.32,0,0,0.0,141,0,299753.32
ODI0002014,163,5,100000.0,0,0,0.0,163,5,100000.0
ODI0002016,167,2,10000.0,0,0,0.0,167,2,10000.0
ODI0002030,150,11,37000.0,0,0,0.0,150,11,37000.0
ODI0002037,156,6,11000.0,0,0,0.0,156,6,11000.0
ODI0002063,128,5,43000.0,0,0,0.0,128,5,43000.0
ODI0002066,142,4,459735.6,0,0,0.0,142,4,459735.6
ODI0002070,156,1,1000.0,0,0,0.0,156,1,1000.0
ODI0002074,167,8,13000.0,51,2,5000.0,167,10,18000.0
ODI0002091,161,2,7000.0,0,0,0.0,161,2,7000.0
ODI0002095,154,6,22000.0,0,0,0.0,154,6,22000.0
ODI0002100,155,5,58000.0,0,0,0.0,155,5,58000.0
ODI0002104,164,6,12966.44,0,0,0.0,164,6,12966.44
ODI0002106,121,5,13000.0,0,0,0.0,121,5,13000.0
ODI0002107,13,2,8000.0,0,0,0.0,13,2,8000.0
ODI0002108,162,2,2469.230000000003,0,0,0.0,162,2,2469.230000000003
ODI0002111,70,1,39.299999999999955,0,0,0.0,70,1,39.299999999999955
ODI0002112,0,0,0.0,14,1,20000.0,14,1,20000.0
ODI0002115,135,2,10000.0,0,0,0.0,135,2,10000.0
ODI0002126,155,5,5000.0,0,0,0.0,155,5,5000.0
ODI0002137,122,5,5000.0,0,0,0.0,122,5,5000.0
ODI0002150,0,1,5000.0,0,0,0.0,0,1,5000.0
ODI0002153,122,4,4000.0,0,0,0.0,122,4,4000.0
ODI0002157,164,17,29500.0,0,0,0.0,164,17,29500.0
ODI0002172,126,7,239.90999999999985,0,0,0.0,126,7,239.90999999999985
ODI0002174,163,6,20000.0,0,0,0.0,163,6,20000.0
ODI0002187,153,6,150000.0,0,0,0.0,153,6,150000.0
ODI0002189,164,7,11000.0,0,0,0.0,164,7,11000.0
ODI0002199,156,5,10006.59,0,0,0.0,156,5,10006.59
ODI0002210,55,1,2000.0,0,0,0.0,55,1,2000.0
ODI0002217,164,8,149125.0,0,0,0.0,164,8,149125.0
ODI0002225,162,7,16999.999999999996,56,1,5000.0,162,8,21999.999999999996
ODI0002251,84,4,8000.0,0,0,0.0,84,4,8000.0
ODI0002263,100,1,1000.0,0,0,0.0,100,1,1000.0
ODI0002285,80,1,164.3699999999999,0,0,0.0,80,1,164.3699999999999
ODI0002286,154,6,35000.0,0,0,0.0,154,6,35000.0
ODI0002292,164,4,1155.6599999999999,0,0,0.0,164,4,1155.6599999999999
ODI0002302,162,7,11000.0,31,1,1000.0,162,8,12000.0
ODI0002315,10,0,-1.4400000000000546,0,0,0.0,10,0,-1.4400000000000546
ODI0002316,55,2,109.97000000000025,0,0,0.0,55,2,109.97000000000025
ODI0002317,164,3,563.6800000000003,0,0,0.0,164,3,563.6800000000003
ODI0002335,162,1,5357.350000000006,0,0,0.0,162,1,5357.350000000006
ODI0002355,164,2,8000.0,0,0,0.0,164,2,8000.0
ODI0002362,49,1,3.8099999999999454,0,0,0.0,49,1,3.8099999999999454
ODI0002370,164,6,10000.0,0,0,0.0,164,6,10000.0
ODI0002371,34,2,10000.0,0,0,0.0,34,2,10000.0
ODI0002374,38,2,2000.0,0,0,0.0,38,2,2000.0
ODI0002390,161,1,5000.0,0,0,0.0,161,1,5000.0
ODI0002391,162,1,63.76000000000022,0,0,0.0,162,1,63.76000000000022
ODI0002392,163,8,52000.0,0,0,0.0,163,8,52000.0
ODI0002396,163,7,11000.0,0,0,0.0,163,7,11000.0
ODI0002398,122,3,4554.059999999998,0,0,0.0,122,3,4554.059999999998
ODI0002411,155,5,5000.0,0,0,0.0,155,5,5000.0
ODI0002421,122,2,10000.0,0,0,0.0,122,2,10000.0
ODI0002428,149,6,93750.0,0,0,0.0,149,6,93750.0
ODI0002441,45,3,7000.0,0,0,0.0,45,3,7000.0
ODI0002443,155,4,8000.0,0,0,0.0,155,4,8000.0
ODI0002458,162,0,25.3799999999992,0,0,0.0,162,0,25.3799999999992
ODI0002461,162,5,45000.0,0,0,0.0,162,5,45000.0
ODI0002467,78,1,57.539999999999964,0,0,0.0,78,1,57.539999999999964
ODI0002468,103,0,-1.8400000000000318,0,0,0.0,103,0,-1.8400000000000318
ODI0002473,141,6,16000.0,0,0,0.0,141,6,16000.0
ODI0002479,77,-1,89.17999999999665,0,0,0.0,77,-1,89.17999999999665
ODI0002498,162,15,19000.0,0,0,0.0,162,15,19000.0
ODI0002501,156,1,998.3999999999996,0,0,0.0,156,1,998.3999999999996
ODI0002511,163,1,5006.97,0,0,0.0,163,1,5006.97
ODI0002515,163,15,4500000.0,0,0,0.0,163,15,4500000.0
ODI0002516,162,0,37.63000000000011,0,0,0.0,162,0,37.63000000000011
ODI0002520,163,0,0.5,0,0,0.0,163,0,0.5
ODI0002535,1,1,1000.0,0,0,0.0,1,1,1000.0
ODI0002542,162,7,11000.0,0,0,0.0,162,7,11000.0
ODI0002551,156,2,122.38000000000011,0,0,0.0,156,2,122.38000000000011
ODI0002556,163,0,38.85999999999967,0,0,0.0,163,0,38.85999999999967
ODI0002558,132,4,21000.0,0,0,0.0,132,4,21000.0
ODI0002561,97,1,2131.51,0,0,0.0,97,1,2131.51
ODI0002563,105,3,7000.0,0,0,0.0,105,3,7000.0
ODI0002566,150,3,2122.2299999999996,0,0,0.0,150,3,2122.2299999999996
ODI0002567,163,7,17000.0,21,1,1000.0,163,8,18000.0
ODI0002572,156,5,22000.0,0,0,0.0,156,5,22000.0
ODI0002577,163,6,30000.0,0,0,0.0,163,6,30000.0
ODI0002579,120,1,5033.0,0,0,0.0,120,1,5033.0
ODI0002592,134,6,10000.0,0,0,0.0,134,6,10000.0
ODI0002607,63,1,1000.0,0,0,0.0,63,1,1000.0
ODI0002631,64,0,-14.909999999999854,0,0,0.0,64,0,-14.909999999999854
ODI0002633,132,1,40000.0,0,0,0.0,132,1,40000.0
ODI0002637,155,8,16000.0,41,1,2000.0,155,9,18000.0
ODI0002640,120,5,240000.0,0,0,0.0,120,5,240000.0
ODI0002644,155,5,5000.0,0,0,0.0,155,5,5000.0
ODI0002646,161,6,6000.0,0,0,0.0,161,6,6000.0
ODI0002654,161,6,15000.0,0,0,0.0,161,6,15000.0
ODI0002655,155,9,13000.0,0,0,0.0,155,9,13000.0
ODI0002667,52,0,229.97999999999956,0,0,0.0,52,0,229.97999999999956
ODI0002672,163,6,15000.0,0,0,0.0,163,6,15000.0
ODI0002673,154,5,9000.0,0,0,0.0,154,5,9000.0
ODI0002674,84,2,11000.0,21,1,60000.0,84,3,71000.0
ODI0002688,163,7,23000.0,0,0,0.0,163,7,23000.0
ODI0002693,139,1,100000.0,0,0,0.0,139,1,100000.0
ODI0002707,162,5,9000.0,0,0,0.0,162,5,9000.0
ODI0002708,142,5,120000.0,0,0,0.0,142,5,120000.0
ODI0002715,14,0,-0.05999999999994543,0,0,0.0,14,0,-0.05999999999994543
ODI0002718,25,0,46.05000000000018,0,0,0.0,25,0,46.05000000000018
ODI0002731,155,6,15000.0,0,0,0.0,155,6,15000.0
ODI0002739,99,1,37.59999999999991,0,0,0.0,99,1,37.59999999999991
ODI0002746,0,0,0.0,34,1,3000.0,34,1,3000.0
ODI0002756,156,12,57600.0,0,0,0.0,156,12,57600.0
ODI0002760,161,5,22000.0,0,0,0.0,161,5,22000.0
ODI0002769,163,5,9000.0,0,0,0.0,163,5,9000.0
ODI0002784,105,0,-1.7000000000000455,0,0,0.0,105,0,-1.7000000000000455
ODI0002786,20,0,149.85999999999967,0,0,0.0,20,0,149.85999999999967
ODI0002787,108,4,4000.0,0,0,0.0,108,4,4000.0
ODI0002791,161,7,17000.0,0,0,0.0,161,7,17000.0
ODI0002794,128,5,25000.0,0,0,0.0,128,5,25000.0
ODI0002807,162,6,10000.0,0,0,0.0,162,6,10000.0
ODI0002820,155,8,30000.0,0,0,0.0,155,8,30000.0
ODI0002824,162,6,10000.0,0,0,0.0,162,6,10000.0
ODI0002827,154,6,10000.0,0,0,0.0,154,6,10000.0
ODI0002830,35,0,-2.1800000000000637,56,1,1000.0,63,1,997.8199999999999
ODI0002837,19,-1,17.069999999999936,23,1,1000.0,23,0,1017.0699999999999
ODI0002850,125,6,30000.0,0,0,0.0,125,6,30000.0
ODI0002855,162,7,50000.0,0,0,0.0,162,7,50000.0
ODI0002857,49,0,184.0699999999997,0,0,0.0,49,0,184.0699999999997
ODI0002859,156,6,51000.0,52,2,4000.0,156,8,55000.0
ODI0002870,16,0,-5.050000000000182,0,0,0.0,16,0,-5.050000000000182
ODI0002934,122,1,1000.0,0,0,0.0,122,1,1000.0
ODI0002950,0,0,0.0,1,1,1000.0,1,1,1000.0
ODI0002951,161,6,11000.0,0,0,0.0,161,6,11000.0
ODI0002956,20,0,90.02999999999975,0,0,0.0,20,0,90.02999999999975
ODI0002966,21,-1,65.69999999999891,0,0,0.0,21,-1,65.69999999999891
ODI0002974,11,-1,56.51000000000022,0,0,0.0,11,-1,56.51000000000022
ODI0002992,153,2,1953.33,0,0,0.0,153,2,1953.33
ODI0002995,150,2,6000.0,0,0,0.0,150,2,6000.0
ODI0003002,114,2,103.23999999999978,0,0,0.0,114,2,103.23999999999978
ODI0003005,61,1,16.970000000000255,0,0,0.0,61,1,16.970000000000255
ODI0003006,112,0,139.14000000000033,49,2,2000.0,155,2,2139.1400000000003
ODI0003014,122,6,120462.08,0,0,0.0,122,6,120462.08
ODI0003023,156,6,28000.0,0,0,0.0,156,6,28000.0
ODI0003031,35,0,-0.15999999999996817,0,0,0.0,35,0,-0.15999999999996817
ODI0003034,142,0,42.5,0,0,0.0,142,0,42.5
ODI0003037,154,4,2011.1599999999999,0,0,0.0,154,4,2011.1599999999999
ODI0003043,12,0,0.17999999999994998,0,0,0.0,12,0,0.17999999999994998
ODI0003049,156,6,11000.0,51,1,1000.0,156,7,12000.0
ODI0003050,156,5,184503.24,0,0,0.0,156,5,184503.24
ODI0003051,12,0,-0.2400000000000091,0,0,0.0,12,0,-0.2400000000000091
ODI0003052,154,1,6000.0,0,0,0.0,154,1,6000.0
ODI0003069,76,4,10000.0,0,0,0.0,76,4,10000.0
ODI0003089,14,-1,29.789999999999964,0,0,0.0,14,-1,29.789999999999964
ODI0003092,155,2,2000.0,0,0,0.0,155,2,2000.0
ODI0003096,45,7,135000.0,0,0,0.0,45,7,135000.0
ODI0003114,156,1,5000.0,0,0,0.0,156,1,5000.0
ODI0003131,155,7,11000.0,0,0,0.0,155,7,11000.0
ODI0003142,136,6,10000.0,0,0,0.0,136,6,10000.0
ODI0003177,43,0,76.82000000000016,0,0,0.0,43,0,76.82000000000016
ODI0003189,154,6,10000.0,0,0,0.0,154,6,10000.0
ODI0003192,126,6,10000.0,0,0,0.0,126,6,10000.0
ODI0003202,140,2,20000.0,0,0,0.0,140,2,20000.0
ODI0003206,155,0,333.47999999999956,0,0,0.0,155,0,333.47999999999956
ODI0003214,155,6,11000.0,0,0,0.0,155,6,11000.0
ODI0003222,155,2,10000.0,0,0,0.0,155,2,10000.0
ODI0003225,150,6,10000.0,0,0,0.0,150,6,10000.0
ODI0003244,122,9,14500.0,0,0,0.0,122,9,14500.0
ODI0003247,59,1,5000.0,0,0,0.0,59,1,5000.0
ODI0003249,94,3,6000.0,0,0,0.0,94,3,6000.0
ODI0003251,155,3,3000.0,0,0,0.0,155,3,3000.0
ODI0003263,70,4,8000.0,0,0,0.0,70,4,8000.0
ODI0003265,155,2,778.5599999999995,0,0,0.0,155,2,778.5599999999995
ODI0003278,150,6,30000.0,0,0,0.0,150,6,30000.0
ODI0003295,122,13,39000.0,0,0,0.0,122,13,39000.0
ODI0003311,134,5,9000.0,49,1,5000.0,134,6,14000.0
ODI0003313,153,6,15000.0,0,0,0.0,153,6,15000.0
ODI0003329,154,5,180000.0,0,0,0.0,154,5,180000.0
ODI0003330,9,0,0.6100000000000136,0,0,0.0,9,0,0.6100000000000136
ODI0003334,99,-1,112.31999999999971,0,0,0.0,99,-1,112.31999999999971
ODI0003336,31,2,10000.0,0,0,0.0,31,2,10000.0
ODI0003338,22,0,106.3100000000004,0,0,0.0,22,0,106.3100000000004
ODI0003348,108,2,2000.0,0,0,0.0,108,2,2000.0
ODI0003357,155,6,10000.0,0,0,0.0,155,6,10000.0
ODI0003365,66,1,5000.0,0,0,0.0,66,1,5000.0
ODI0003372,155,6,20000.0,0,0,0.0,155,6,20000.0
ODI0003413,122,1,200000.0,0,0,0.0,122,1,200000.0
ODI0003433,129,6,10000.0,0,0,0.0,129,6,10000.0
ODI0003435,90,2,2000.0,0,0,0.0,90,2,2000.0
ODI0003436,140,1,975.0099999999993,0,0,0.0,140,1,975.0099999999993
ODI0003439,122,4,4000.0,0,0,0.0,122,4,4000.0
ODI0003449,28,0,66.40999999999985,0,0,0.0,28,0,66.40999999999985
ODI0003457,90,2,2000.0,0,0,0.0,90,2,2000.0
ODI0003475,136,1,2.399999999999636,0,0,0.0,136,1,2.399999999999636
ODI0003482,122,8,15000.0,0,0,0.0,122,8,15000.0
ODI0003483,147,5,17500.0,0,0,0.0,147,5,17500.0
ODI0003484,0,1,1000.0,0,0,0.0,0,1,1000.0
ODI0003491,119,1,3367.600000000006,0,0,0.0,119,1,3367.600000000006
ODI0003506,154,6,190000.0,52,4,230000.0,154,10,420000.0
ODI0003513,33,1,-13.5,0,0,0.0,33,1,-13.5
ODI0003521,128,6,300000.0,0,0,0.0,128,6,300000.0
ODI0003531,153,6,30000.0,0,0,0.0,153,6,30000.0
ODI0003565,36,0,48.529999999999745,0,0,0.0,36,0,48.529999999999745
ODI0003572,150,5,21000.0,0,0,0.0,150,5,21000.0
ODI0003609,97,3,100000.0,0,0,0.0,97,3,100000.0
ODI0003630,18,0,49.47999999999956,0,0,0.0,18,0,49.47999999999956
ODI0003634,63,1,3750.0,0,0,0.0,63,1,3750.0
ODI0003664,111,4,25000.0,0,0,0.0,111,4,25000.0
ODI0003667,94,4,4000.0,52,3,3000.0,94,7,7000.0
ODI0003672,134,5,13000.0,0,0,0.0,134,5,13000.0
ODI0003675,150,5,30000.0,0,0,0.0,150,5,30000.0
ODI0003710,38,2,20000.0,0,0,0.0,38,2,20000.0
ODI0003744,119,5,150000.0,0,0,0.0,119,5,150000.0
ODI0003749,118,5,25000.0,0,0,0.0,118,5,25000.0
ODI0003751,150,-1,7222.100000000006,0,0,0.0,150,-1,7222.100000000006
ODI0003776,154,3,15000.0,0,0,0.0,154,3,15000.0
ODI0003785,69,4,11000.0,0,0,0.0,69,4,11000.0
ODI0003799,154,6,15000.0,0,0,0.0,154,6,15000.0
ODI0003815,105,5,13500.0,0,0,0.0,105,5,13500.0
ODI0003831,154,2,5040.49,0,0,0.0,154,2,5040.49
ODI0003835,97,0,69.13999999999942,0,0,0.0,97,0,69.13999999999942
ODI0003842,31,2,2000.0,0,0,0.0,31,2,2000.0
ODI0003843,34,0,323.8899999999994,0,0,0.0,34,0,323.8899999999994
ODI0003846,154,5,13000.0,0,0,0.0,154,5,13000.0
ODI0003853,102,1,51.61000000000013,0,0,0.0,102,1,51.61000000000013
ODI0003862,14,-1,14.090000000000146,0,0,0.0,14,-1,14.090000000000146
ODI0003876,12,0,56.0600000000004,0,0,0.0,12,0,56.0600000000004
ODI0003877,153,7,10288.06,57,1,2000.0,153,8,12288.06
ODI0003878,154,5,2391.629999999999,0,0,0.0,154,5,2391.629999999999
ODI0003886,153,6,10000.0,0,0,0.0,153,6,10000.0
ODI0003889,146,5,17000.0,0,0,0.0,146,5,17000.0
ODI0003893,16,0,154.10000000000036,0,0,0.0,16,0,154.10000000000036
ODI0003895,35,1,24.699999999999818,0,0,0.0,35,1,24.699999999999818
ODI0003901,69,0,42.210000000000036,0,0,0.0,69,0,42.210000000000036
ODI0003902,13,0,-0.9700000000000273,0,0,0.0,13,0,-0.9700000000000273
ODI0003917,87,3,7000.0,0,0,0.0,87,3,7000.0
ODI0003929,150,5,13000.0,0,0,0.0,150,5,13000.0
ODI0003935,153,5,14000.0,0,0,0.0,153,5,14000.0
ODI0003941,153,7,229479.03,0,0,0.0,153,7,229479.03
ODI0003956,15,0,0.4600000000000364,0,0,0.0,15,0,0.4600000000000364
ODI0003972,150,6,60000.0,0,0,0.0,150,6,60000.0
ODI0003973,40,0,141.82999999999993,0,0,0.0,40,0,141.82999999999993
ODI0003975,150,5,9000.0,52,1,1000.0,150,6,10000.0
ODI0003978,21,0,64.13000000000011,0,0,0.0,21,0,64.13000000000011
ODI0003988,153,5,3189.7,0,0,0.0,153,5,3189.7
ODI0004005,134,6,30000.0,0,0,0.0,134,6,30000.0
ODI0004008,92,3,22000.0,0,0,0.0,92,3,22000.0
ODI0004013,55,3,3000.0,0,0,0.0,55,3,3000.0
ODI0004021,153,9,5028.719999999999,0,0,0.0,153,9,5028.719999999999
ODI0004044,43,0,149.87000000000262,0,0,0.0,43,0,149.87000000000262
ODI0004050,20,0,-0.4900000000000091,0,0,0.0,20,0,-0.4900000000000091
ODI0004051,153,1,5000.0,0,0,0.0,153,1,5000.0
ODI0004067,94,1,1000.0,0,0,0.0,94,1,1000.0
ODI0004069,100,1,5000.0,50,3,120000.0,100,4,125000.0
ODI0004070,16,2,6000.0,16,1,1000.0,16,3,7000.0
ODI0004092,114,5,10600.0,0,0,0.0,114,5,10600.0
ODI0004111,64,1,-85.51000000000022,0,0,0.0,64,1,-85.51000000000022
ODI0004124,148,6,10000.0,0,0,0.0,148,6,10000.0
ODI0004131,148,1,131.14000000000033,0,0,0.0,148,1,131.14000000000033
ODI0004141,150,6,15000.0,0,0,0.0,150,6,15000.0
ODI0004155,93,2,271.8099999999977,0,0,0.0,93,2,271.8099999999977
ODI0004163,17,2,584.5900000000001,0,0,0.0,17,2,584.5900000000001
ODI0004182,132,5,24077.78,0,0,0.0,132,5,24077.78
ODI0004185,87,1,-9.329999999999927,0,0,0.0,87,1,-9.329999999999927
ODI0004200,97,0,78.75,0,0,0.0,97,0,78.75
ODI0004226,40,1,217.6300000000001,0,0,0.0,40,1,217.6300000000001
ODI0004251,135,5,15000.0,0,0,0.0,135,5,15000.0
ODI0004261,63,1,1500.0,0,0,0.0,63,1,1500.0
ODI0004263,141,2,179756.78,0,0,0.0,141,2,179756.78
ODI0004265,146,4,17000.0,6,1,2500.0,146,5,19500.0
ODI0004271,148,6,10000.0,0,0,0.0,148,6,10000.0
ODI0004284,126,5,25000.0,0,0,0.0,126,5,25000.0
ODI0004292,148,6,27000.0,0,0,0.0,148,6,27000.0
ODI0004307,15,1,8.929999999999836,0,0,0.0,15,1,8.929999999999836
ODI0004310,115,3,5224.27,0,0,0.0,115,3,5224.27
ODI0004318,25,0,-0.4900000000000091,0,0,0.0,25,0,-0.4900000000000091
ODI0004321,149,6,14000.0,0,0,0.0,149,6,14000.0
ODI0004334,18,0,0.20000000000004547,0,0,0.0,18,0,0.20000000000004547
ODI0004346,149,6,20000.0,0,0,0.0,149,6,20000.0
ODI0004355,17,0,772.8700000000026,0,0,0.0,17,0,772.8700000000026
ODI0004360,140,8,17000.0,0,0,0.0,140,8,17000.0
ODI0004371,148,1,10000.0,0,0,0.0,148,1,10000.0
ODI0004379,94,4,4000.0,0,0,0.0,94,4,4000.0
ODI0004382,149,6,10000.0,0,0,0.0,149,6,10000.0
ODI0004387,34,0,78.68000000000029,0,0,0.0,34,0,78.68000000000029
ODI0004395,149,1,8500.0,0,0,0.0,149,1,8500.0
ODI0004403,34,0,33.92000000000007,0,0,0.0,34,0,33.92000000000007
ODI0004422,120,1,5000.0,0,0,0.0,120,1,5000.0
ODI0004446,146,1,5000.0,0,0,0.0,146,1,5000.0
ODI0004461,148,3,25000.0,0,0,0.0,148,3,25000.0
ODI0004464,118,2,2000.0,0,0,0.0,118,2,2000.0
ODI0004478,149,3,5495.15,0,0,0.0,149,3,5495.15
ODI0004481,142,2,205.1199999999999,0,0,0.0,142,2,205.1199999999999
ODI0004486,149,6,15000.0,0,0,0.0,149,6,15000.0
ODI0004487,31,2,30000.0,0,1,1500.0,31,3,31500.0
ODI0004498,140,3,239.8099999999995,0,0,0.0,140,3,239.8099999999995
ODI0004505,140,6,10000.0,0,0,0.0,140,6,10000.0
ODI0004519,8,-1,81.21999999999935,21,1,10000.0,23,0,10081.22
ODI0004529,122,4,8000.0,0,0,0.0,122,4,8000.0
ODI0004535,8,0,-0.9500000000000455,0,0,0.0,8,0,-0.9500000000000455
ODI0004547,31,1,2032.63,0,0,0.0,31,1,2032.63
ODI0004565,149,3,3057.9399999999996,0,0,0.0,149,3,3057.9399999999996
ODI0004569,135,6,15000.0,0,0,0.0,135,6,15000.0
ODI0004581,120,5,9500.0,0,0,0.0,120,5,9500.0
ODI0004583,122,2,6000.0,23,1,3000.0,122,3,9000.0
ODI0004584,148,2,11000.0,0,0,0.0,148,2,11000.0
ODI0004591,42,0,-4.859999999999673,0,0,0.0,42,0,-4.859999999999673
ODI0004600,136,1,547.8600000000006,0,0,0.0,136,1,547.8600000000006
ODI0004607,122,5,12500.0,0,0,0.0,122,5,12500.0
ODI0004613,122,1,1000.0,0,0,0.0,122,1,1000.0
ODI0004616,149,5,17000.0,0,0,0.0,149,5,17000.0
ODI0004619,13,-1,27.949999999999818,0,0,0.0,13,-1,27.949999999999818
ODI0004633,149,5,11000.0,0,0,0.0,149,5,11000.0
ODI0004640,149,5,9000.0,0,0,0.0,149,5,9000.0
ODI0004658,13,-1,4.470000000000027,0,0,0.0,13,-1,4.470000000000027
ODI0004662,142,5,116000.0,0,0,0.0,142,5,116000.0
ODI0004664,53,1,1642.6699999999983,0,0,0.0,53,1,1642.6699999999983
ODI0004669,90,2,6000.0,0,0,0.0,90,2,6000.0
ODI0004688,146,4,22000.0,0,0,0.0,146,4,22000.0
ODI0004697,122,3,1600.08,17,1,1000.0,122,4,2600.08
ODI0004698,0,0,0.0,21,2,4500.0,21,2,4500.0
ODI0004714,146,7,12400.0,56,3,3000.0,146,10,15400.0
ODI0004717,147,6,30000.0,0,0,0.0,147,6,30000.0
ODI0004749,122,1,1562.5,0,0,0.0,122,1,1562.5
ODI0004752,63,2,2000.0,0,0,0.0,63,2,2000.0
ODI0004767,148,5,16000.0,50,3,6000.0,148,8,22000.0
ODI0004793,141,6,10000.0,0,0,0.0,141,6,10000.0
ODI0004801,113,1,5000.0,0,0,0.0,113,1,5000.0
ODI0004830,148,4,3914.6099999999997,0,0,0.0,148,4,3914.6099999999997
ODI0004831,81,2,58.36999999999989,0,0,0.0,81,2,58.36999999999989
ODI0004837,44,1,85.6200000000008,0,0,0.0,44,1,85.6200000000008
ODI0004846,148,5,19000.0,0,0,0.0,148,5,19000.0
ODI0004854,126,5,13000.0,0,0,0.0,126,5,13000.0
ODI0004855,120,5,25000.0,55,2,3000.0,120,7,28000.0
ODI0004857,139,2,6000.0,0,0,0.0,139,2,6000.0
ODI0004881,148,6,20000.0,0,0,0.0,148,6,20000.0
ODI0004896,122,5,5000.0,0,0,0.0,122,5,5000.0
ODI0004924,146,1,5000.0,0,0,0.0,146,1,5000.0
ODI0004931,76,5,25000.0,0,0,0.0,76,5,25000.0
ODI0004952,146,6,17500.0,0,0,0.0,146,6,17500.0
ODI0004970,142,6,13000.0,0,0,0.0,142,6,13000.0
ODI0004985,55,2,2000.0,0,0,0.0,55,2,2000.0
ODI0004988,146,2,257.97999999999956,0,0,0.0,146,2,257.97999999999956
ODI0005003,142,3,10000.0,0,0,0.0,142,3,10000.0
ODI0005007,122,5,6000.0,0,0,0.0,122,5,6000.0
ODI0005021,122,3,4000.0,0,0,0.0,122,3,4000.0
ODI0005027,134,6,95000.0,0,0,0.0,134,6,95000.0
ODI0005041,148,2,26000.0,0,0,0.0,148,2,26000.0
ODI0005044,142,5,139999.99999999997,0,0,0.0,142,5,139999.99999999997
ODI0005053,140,1,3451.6499999999996,0,0,0.0,140,1,3451.6499999999996
ODI0005057,139,1,10000.0,0,0,0.0,139,1,10000.0
ODI0005058,142,6,10000.0,0,0,0.0,142,6,10000.0
ODI0005059,142,6,10000.0,0,0,0.0,142,6,10000.0
ODI0005067,119,2,10000.0,0,0,0.0,119,2,10000.0
ODI0005097,37,0,0.4199999999999591,0,0,0.0,37,0,0.4199999999999591
ODI0005100,128,3,9000.0,0,0,0.0,128,3,9000.0
ODI0005113,136,-1,99756.48,0,0,0.0,136,-1,99756.48
ODI0005146,142,6,51102.44,0,0,0.0,142,6,51102.44
ODI0005148,142,8,15000.0,0,0,0.0,142,8,15000.0
ODI0005164,142,5,10000.0,0,0,0.0,142,5,10000.0
ODI0005174,52,-1,47.69000000000051,0,0,0.0,52,-1,47.69000000000051
ODI0005177,15,0,-8.399999999999636,0,0,0.0,15,0,-8.399999999999636
ODI0005181,142,3,9000.0,0,0,0.0,142,3,9000.0
ODI0005186,46,0,-0.03999999999996362,0,0,0.0,46,0,-0.03999999999996362
ODI0005191,15,0,-1.0900000000000318,0,0,0.0,15,0,-1.0900000000000318
ODI0005241,142,6,12000.0,0,0,0.0,142,6,12000.0
ODI0005262,31,1,1000.0,0,0,0.0,31,1,1000.0
ODI0005266,142,6,14000.0,0,0,0.0,142,6,14000.0
ODI0005291,59,0,64.32999999999993,0,0,0.0,59,0,64.32999999999993
ODI0005292,142,8,18000.0,35,4,4000.0,142,12,22000.0
ODI0005296,103,4,107.39999999999964,0,0,0.0,103,4,107.39999999999964
ODI0005297,100,4,8000.0,0,0,0.0,100,4,8000.0
ODI0005300,142,6,15000.0,0,0,0.0,142,6,15000.0
ODI0005309,140,6,35000.0,0,0,0.0,140,6,35000.0
ODI0005319,54,0,479.98999999999796,0,0,0.0,54,0,479.98999999999796
ODI0005329,122,5,10000.0,0,0,0.0,122,5,10000.0
ODI0005336,12,0,-2.230000000000018,0,0,0.0,12,0,-2.230000000000018
ODI0005339,142,5,18000.0,0,0,0.0,142,5,18000.0
ODI0005340,141,1,5000.0,0,0,0.0,141,1,5000.0
ODI0005343,142,2,100000.0,0,0,0.0,142,2,100000.0
ODI0005360,90,1,5000.0,0,0,0.0,90,1,5000.0
ODI0005398,142,6,17000.0,0,0,0.0,142,6,17000.0
ODI0005407,142,4,309755.18,0,0,0.0,142,4,309755.18
ODI0005434,108,5,9000.0,0,0,0.0,108,5,9000.0
ODI0005438,142,5,9000.0,0,0,0.0,142,5,9000.0
ODI0005439,86,3,63.32999999999993,0,0,0.0,86,3,63.32999999999993
ODI0005454,141,1,20000.0,0,0,0.0,141,1,20000.0
ODI0005463,142,2,171.84000000000015,0,0,0.0,142,2,171.84000000000015
ODI0005468,77,7,22500.0,0,0,0.0,77,7,22500.0
ODI0005470,141,7,19000.0,0,0,0.0,141,7,19000.0
ODI0005474,14,0,-0.2999999999999545,0,0,0.0,14,0,-0.2999999999999545
ODI0005478,108,4,4000.0,0,0,0.0,108,4,4000.0
ODI0005482,134,6,80000.0,0,0,0.0,134,6,80000.0
ODI0005486,142,1,10000.0,0,0,0.0,142,1,10000.0
ODI0005489,142,6,10000.0,0,0,0.0,142,6,10000.0
ODI0005490,28,2,5000.0,0,0,0.0,28,2,5000.0
ODI0005496,142,4,14000.0,51,1,3000.0,142,5,17000.0
ODI0005502,141,1,-2.2799999999997453,0,0,0.0,141,1,-2.2799999999997453
ODI0005512,140,9,14000.0,0,0,0.0,140,9,14000.0
ODI0005530,141,7,19000.0,0,0,0.0,141,7,19000.0
ODI0005543,63,0,1.0299999999997453,0,0,0.0,63,0,1.0299999999997453
ODI0005544,140,1,10000.0,0,0,0.0,140,1,10000.0
ODI0005545,141,3,7000.0,0,0,0.0,141,3,7000.0
ODI0005555,125,3,11000.0,0,0,0.0,125,3,11000.0
ODI0005558,142,6,15000.0,0,0,0.0,142,6,15000.0
ODI0005574,118,3,15999.999999999998,6,1,60000.0,118,4,76000.0
ODI0005581,142,4,14000.0,0,0,0.0,142,4,14000.0
ODI0005599,135,6,18000.0,0,0,0.0,135,6,18000.0
ODI0005602,136,4,4000.0,0,0,0.0,136,4,4000.0
ODI0005603,139,5,18000.0,41,2,10000.0,139,7,28000.0
ODI0005605,7,0,-0.09000000000003183,0,0,0.0,7,0,-0.09000000000003183
ODI0005622,139,6,18000.0,0,0,0.0,139,6,18000.0
ODI0005623,20,1,12999.99,0,0,0.0,20,1,12999.99
ODI0005635,122,7,7000.0,0,0,0.0,122,7,7000.0
ODI0005637,136,0,162.1300000000001,0,0,0.0,136,0,162.1300000000001
ODI0005638,111,5,8000.0,0,0,0.0,111,5,8000.0
ODI0005651,142,6,10000.0,0,0,0.0,142,6,10000.0
ODI0005677,11,0,14.389999999999873,0,0,0.0,11,0,14.389999999999873
ODI0005696,38,-1,65.63999999999942,0,0,0.0,38,-1,65.63999999999942
ODI0005712,142,3,13000.0,0,0,0.0,142,3,13000.0
ODI0005713,142,4,10000.0,0,0,0.0,142,4,10000.0
ODI0005716,85,3,12500.0,0,0,0.0,85,3,12500.0
ODI0005717,27,1,10000.0,0,0,0.0,27,1,10000.0
ODI0005726,140,15,65000.0,0,0,0.0,140,15,65000.0
ODI0005733,44,2,87.47000000000025,0,0,0.0,44,2,87.47000000000025
ODI0005735,141,6,50000.0,0,0,0.0,141,6,50000.0
ODI0005751,141,-1,776.369999999999,0,0,0.0,141,-1,776.369999999999
ODI0005762,142,5,4937.17,0,0,0.0,142,5,4937.17
ODI0005763,122,5,5000.0,0,0,0.0,122,5,5000.0
ODI0005771,142,6,10000.0,0,0,0.0,142,6,10000.0
ODI0005786,15,0,70.80000000000018,0,0,0.0,15,0,70.80000000000018
ODI0005790,141,3,3014.2299999999996,23,1,1000.0,141,4,4014.2299999999996
ODI0005803,125,4,8000.0,0,0,0.0,125,4,8000.0
ODI0005824,136,3,13000.0,0,0,0.0,136,3,13000.0
ODI0005830,36,0,185.80000000000018,0,0,0.0,36,0,185.80000000000018
ODI0005836,140,6,10000.0,0,0,0.0,140,6,10000.0
ODI0005841,140,2,6000.0,0,0,0.0,140,2,6000.0
ODI0005842,142,6,30000.0,0,0,0.0,142,6,30000.0
ODI0005845,132,6,55000.0,0,0,0.0,132,6,55000.0
ODI0005854,25,0,30.309999999999945,0,0,0.0,25,0,30.309999999999945
ODI0005862,142,2,10000.0,0,0,0.0,142,2,10000.0
ODI0005863,139,2,20000.0,0,0,0.0,139,2,20000.0
ODI0005865,114,1,5000.0,0,0,0.0,114,1,5000.0
ODI0005869,91,0,-0.0500000000001819,0,0,0.0,91,0,-0.0500000000001819
ODI0005872,122,4,2339.99,0,0,0.0,122,4,2339.99
ODI0005878,142,3,5013.18,0,0,0.0,142,3,5013.18
ODI0005883,135,10,40000.0,0,0,0.0,135,10,40000.0
ODI0005894,141,1,5000.0,0,0,0.0,141,1,5000.0
ODI0005908,139,1,5000.0,0,0,0.0,139,1,5000.0
ODI0005910,133,3,20000.0,0,0,0.0,133,3,20000.0
ODI0005923,140,5,13000.0,0,0,0.0,140,5,13000.0
ODI0005924,139,6,10000.0,0,0,0.0,139,6,10000.0
ODI0005937,140,6,30000.0,50,1,75000.0,140,7,105000.0
ODI0005953,9,0,-0.12999999999999545,0,0,0.0,9,0,-0.12999999999999545
ODI0005957,30,2,6000.0,28,1,1000.0,30,3,7000.0
ODI0005977,120,3,12000.0,0,0,0.0,120,3,12000.0
ODI0005996,140,2,186.97999999999956,0,0,0.0,140,2,186.97999999999956
ODI0005997,54,1,-43.88999999999942,0,0,0.0,54,1,-43.88999999999942
ODI0005999,122,5,5500.0,0,0,0.0,122,5,5500.0
ODI0006006,42,0,-72.14000000000033,0,0,0.0,42,0,-72.14000000000033
ODI0006007,119,4,319.6399999999994,0,0,0.0,136,4,319.6399999999994
ODI0006030,0,0,0.0,17,1,1000.0,17,1,1000.0
ODI0006031,34,1,5000.0,0,0,0.0,34,1,5000.0
ODI0006038,140,2,7000.0,0,0,0.0,140,2,7000.0
ODI0006044,140,0,2523.15,0,0,0.0,140,0,2523.15
ODI0006099,70,4,15000.0,0,0,0.0,70,4,15000.0
ODI0006101,94,3,3000.0,0,0,0.0,94,3,3000.0
ODI0006107,118,2,10000.0,0,0,0.0,118,2,10000.0
ODI0006114,140,8,105000.0,0,0,0.0,140,8,105000.0
ODI0006161,139,5,98000.0,0,0,0.0,139,5,98000.0
ODI0006171,139,6,15000.0,0,0,0.0,139,6,15000.0
ODI0006173,139,2,150000.0,0,0,0.0,139,2,150000.0
ODI0006175,60,1,208.30999999999995,0,0,0.0,60,1,208.30999999999995
ODI0006188,135,0,737.8400000000001,0,0,0.0,135,0,737.8400000000001
ODI0006193,136,0,84.65999999999985,0,0,0.0,136,0,84.65999999999985
ODI0006202,135,10,326000.0,48,2,37500.0,135,12,363500.0
ODI0006205,0,0,0.0,17,1,10000.0,17,1,10000.0
ODI0006210,135,1,984.5599999999995,0,0,0.0,135,1,984.5599999999995
ODI0006211,104,6,11000.0,55,2,2000.0,104,8,13000.0
ODI0006216,139,2,40000.0,0,0,0.0,139,2,40000.0
ODI0006218,41,-1,-38.5,0,0,0.0,41,-1,-38.5
ODI0006220,50,0,-2.3700000000000045,0,0,0.0,50,0,-2.3700000000000045
ODI0006237,136,2,6000.0,21,2,8000.0,136,4,14000.0
ODI0006239,82,-3,30.420000000000073,0,0,0.0,82,-3,30.420000000000073
ODI0006245,139,5,16042.04,0,0,0.0,139,5,16042.04
ODI0006254,106,1,5043.67,0,0,0.0,106,1,5043.67
ODI0006256,45,1,10000.0,0,0,0.0,45,1,10000.0
ODI0006260,18,0,-1.2899999999999636,0,0,0.0,18,0,-1.2899999999999636
ODI0006264,19,1,9.110000000000582,0,0,0.0,19,1,9.110000000000582
ODI0006279,136,10,100000.0,0,0,0.0,136,10,100000.0
ODI0006291,139,5,13000.0,0,0,0.0,139,5,13000.0
ODI0006294,126,5,25000.0,0,0,0.0,126,5,25000.0
ODI0006301,25,2,366.1399999999994,0,0,0.0,25,2,366.1399999999994
ODI0006303,84,4,20000.0,0,0,0.0,84,4,20000.0
ODI0006322,114,5,25000.0,0,0,0.0,114,5,25000.0
ODI0006325,136,4,6504.65,0,0,0.0,136,4,6504.65
ODI0006327,100,2,7000.0,0,0,0.0,100,2,7000.0
ODI0006355,63,3,3000.0,0,0,0.0,63,3,3000.0
ODI0006367,136,6,13000.0,0,0,0.0,136,6,13000.0
ODI0006388,136,6,10000.0,0,0,0.0,136,6,10000.0
ODI0006413,136,3,30000.0,0,0,0.0,136,3,30000.0
ODI0006427,79,4,44000.0,0,0,0.0,79,4,44000.0
ODI0006432,136,3,28000.0,0,0,0.0,136,3,28000.0
ODI0006440,122,5,5000.0,0,0,0.0,122,5,5000.0
ODI0006442,136,50,87000.0,0,0,0.0,136,50,87000.0
ODI0006449,134,6,28125.0,0,0,0.0,134,6,28125.0
ODI0006453,83,3,7000.0,0,0,0.0,83,3,7000.0
ODI0006464,135,5,21000.0,0,0,0.0,135,5,21000.0
ODI0006526,118,3,3000.74,0,0,0.0,118,3,3000.74
ODI0006533,135,5,9000.0,0,0,0.0,135,5,9000.0
ODI0006538,132,7,16660.39,0,0,0.0,132,7,16660.39
ODI0006552,135,2,6000.0,0,0,0.0,135,2,6000.0
ODI0006588,11,0,0.4500000000000455,0,0,0.0,11,0,0.4500000000000455
ODI0006591,134,6,30000.0,0,0,0.0,134,6,30000.0
ODI0006602,122,6,8000.0,0,0,0.0,122,6,8000.0
ODI0006609,135,6,10000.0,0,0,0.0,135,6,10000.0
ODI0006613,135,5,25000.0,0,0,0.0,135,5,25000.0
ODI0006618,135,7,23000.0,0,0,0.0,135,7,23000.0
ODI0006623,135,5,9000.0,35,1,1000.0,135,6,10000.0
ODI0006625,70,3,7000.0,0,0,0.0,70,3,7000.0
ODI0006634,1,1,5000.0,0,0,0.0,1,1,5000.0
ODI0006639,101,4,8000.0,0,0,0.0,101,4,8000.0
ODI0006642,134,4,8000.0,0,0,0.0,134,4,8000.0
ODI0006650,103,1,97.77999999999975,0,0,0.0,103,1,97.77999999999975
ODI0006655,15,0,19.75,0,0,0.0,15,0,19.75
ODI0006669,135,6,15000.0,0,0,0.0,135,6,15000.0
ODI0006671,129,4,6000.0,0,0,0.0,129,4,6000.0
ODI0006686,135,1,50000.0,0,0,0.0,135,1,50000.0
ODI0006725,129,9,59000.0,0,0,0.0,129,9,59000.0
ODI0006729,94,1,1000.0,0,0,0.0,94,1,1000.0
ODI0006736,134,5,53957.979999999996,0,0,0.0,134,5,53957.979999999996
ODI0006745,77,2,24.139999999999873,0,0,0.0,77,2,24.139999999999873
ODI0006746,122,13,14250.0,0,0,0.0,122,13,14250.0
ODI0006765,132,3,12565.0,0,0,0.0,132,3,12565.0
ODI0006775,134,5,25000.0,0,0,0.0,134,5,25000.0
ODI0006777,122,2,1994.23,0,0,0.0,122,2,1994.23
ODI0006792,133,2,2346.779999999999,0,0,0.0,133,2,2346.779999999999
ODI0006798,133,5,9000.0,0,0,0.0,133,5,9000.0
ODI0006804,133,6,20000.0,0,0,0.0,133,6,20000.0
ODI0006818,122,2,10000.0,0,0,0.0,122,2,10000.0
ODI0006823,120,3,25000.0,0,0,0.0,120,3,25000.0
ODI0006842,90,1,2000.0,0,0,0.0,90,1,2000.0
ODI0006854,122,3,3000.0,0,0,0.0,122,3,3000.0
ODI0006864,129,6,10000.0,0,0,0.0,129,6,10000.0
ODI0006873,122,1,1000.0,0,0,0.0,122,1,1000.0
ODI0006889,129,4,40000.0,0,0,0.0,129,4,40000.0
ODI0006900,122,3,1565.4699999999998,0,0,0.0,122,3,1565.4699999999998
ODI0006908,63,0,362.619999999999,0,0,0.0,63,0,362.619999999999
ODI0006916,73,3,266.0100000000002,0,0,0.0,73,3,266.0100000000002
ODI0006918,129,3,10000.0,0,0,0.0,129,3,10000.0
ODI0006923,94,2,1013.4399999999996,36,1,1000.0,94,3,2013.4399999999996
ODI0006936,129,6,30000.0,0,0,0.0,129,6,30000.0
ODI0006938,98,6,7000.0,0,0,0.0,98,6,7000.0
ODI0006948,126,2,2461.199999999997,0,0,0.0,126,2,2461.199999999997
ODI0006959,122,5,22000.0,0,0,0.0,122,5,22000.0
ODI0006969,129,6,19000.0,0,0,0.0,129,6,19000.0
ODI0006971,122,1,5000.0,0,0,0.0,122,1,5000.0
ODI0006972,11,0,-27.579999999999927,0,0,0.0,11,0,-27.579999999999927
ODI0006975,120,4,4000.0,0,0,0.0,120,4,4000.0
ODI0006976,67,0,39.590000000000146,0,0,0.0,67,0,39.590000000000146
ODI0006986,129,4,56000.0,0,0,0.0,129,4,56000.0
ODI0006990,132,6,10000.0,0,0,0.0,132,6,10000.0
ODI0007008,19,0,0.9900000000000091,0,0,0.0,19,0,0.9900000000000091
ODI0007010,118,6,14000.0,0,0,0.0,118,6,14000.0
ODI0007022,63,2,2000.0,14,1,2000.0,63,3,4000.0
ODI0007024,129,6,10000.0,0,0,0.0,129,6,10000.0
ODI0007029,49,-1,226.3099999999995,0,0,0.0,49,-1,226.3099999999995
ODI0007030,129,1,20000.0,0,0,0.0,129,1,20000.0
ODI0007036,122,5,5000.0,0,0,0.0,122,5,5000.0
ODI0007042,1,1,1000.0,0,0,0.0,1,1,1000.0
ODI0007055,129,4,20000.0,0,0,0.0,129,4,20000.0
ODI0007056,35,2,6000.0,0,0,0.0,35,2,6000.0
ODI0007067,129,6,125000.0,0,0,0.0,129,6,125000.0
ODI0007075,50,0,-0.2400000000000091,0,0,0.0,50,0,-0.2400000000000091
ODI0007080,37,1,5000.0,0,0,0.0,37,1,5000.0
ODI0007087,111,4,37500.0,0,0,0.0,111,4,37500.0
ODI0007093,94,3,12027.17,0,0,0.0,94,3,12027.17
ODI0007097,125,5,48000.0,0,0,0.0,125,5,48000.0
ODI0007099,127,5,28000.0,0,0,0.0,127,5,28000.0
ODI0007102,56,9,16000.0,0,0,0.0,56,9,16000.0
ODI0007113,127,3,6064.44,0,0,0.0,127,3,6064.44
ODI0007116,125,1,150000.0,0,0,0.0,125,1,150000.0
ODI0007119,28,0,-0.5,0,0,0.0,28,0,-0.5
ODI0007123,126,1,5000.0,0,0,0.0,126,1,5000.0
ODI0007128,102,1,362.5100000000002,0,0,0.0,102,1,362.5100000000002
ODI0007133,58,2,6000.0,0,0,0.0,58,2,6000.0
ODI0007134,62,3,7000.0,0,0,0.0,62,3,7000.0
ODI0007138,120,2,5229.17,0,0,0.0,120,2,5229.17
ODI0007139,1,1,1000.0,0,0,0.0,1,1,1000.0
ODI0007175,127,6,20000.0,0,0,0.0,127,6,20000.0
ODI0007182,52,2,2000.0,0,0,0.0,52,2,2000.0
ODI0007192,108,2,264.10000000000036,0,0,0.0,108,2,264.10000000000036
ODI0007197,32,0,51.72000000000003,0,0,0.0,32,0,51.72000000000003
ODI0007205,76,4,8000.0,0,0,0.0,76,4,8000.0
ODI0007207,10,0,0.10000000000002274,0,0,0.0,10,0,0.10000000000002274
ODI0007218,43,0,69.90999999999985,0,0,0.0,43,0,69.90999999999985
ODI0007224,129,5,2202.9399999999987,0,0,0.0,129,5,2202.9399999999987
ODI0007250,8,1,6000.0,0,0,0.0,8,1,6000.0
ODI0007258,129,6,30000.0,0,0,0.0,129,6,30000.0
ODI0007261,120,2,8000.0,0,0,0.0,120,2,8000.0
ODI0007273,122,5,16000.0,0,0,0.0,122,5,16000.0
ODI0007296,112,2,1990.9399999999996,0,0,0.0,112,2,1990.9399999999996
ODI0007314,128,6,9569.68,0,0,0.0,128,6,9569.68
ODI0007318,128,6,32000.0,0,0,0.0,128,6,32000.0
ODI0007330,87,6,38000.0,0,0,0.0,87,6,38000.0
ODI0007331,122,5,6000.0,43,1,1000.0,122,6,7000.0
ODI0007348,122,5,9000.0,0,0,0.0,122,5,9000.0
ODI0007355,8,0,19.50999999999999,0,0,0.0,8,0,19.50999999999999
ODI0007360,7,1,1000.0,9,1,2000.0,9,2,3000.0
ODI0007367,51,3,9000.0,0,0,0.0,51,3,9000.0
ODI0007370,56,3,15000.0,0,0,0.0,56,3,15000.0
ODI0007373,71,0,109.72999999999956,0,0,0.0,71,0,109.72999999999956
ODI0007389,127,6,15000.0,0,0,0.0,127,6,15000.0
ODI0007404,127,0,1039.0200000000004,0,0,0.0,127,0,1039.0200000000004
ODI0007409,125,9,29000.0,0,0,0.0,125,9,29000.0
ODI0007412,125,7,17000.0,0,0,0.0,125,7,17000.0
ODI0007429,118,2,205000.0,0,0,0.0,118,2,205000.0
ODI0007432,115,7,102748.0,0,0,0.0,115,7,102748.0
ODI0007434,125,8,24000.0,0,0,0.0,125,8,24000.0
ODI0007456,68,0,140.22999999999956,0,0,0.0,68,0,140.22999999999956
ODI0007463,126,6,10000.0,0,0,0.0,126,6,10000.0
ODI0007482,127,6,14000.0,0,0,0.0,127,6,14000.0
ODI0007514,126,6,10000.0,0,0,0.0,126,6,10000.0
ODI0007519,126,6,70000.0,0,0,0.0,126,6,70000.0
ODI0007521,122,12,37000.0,55,2,5000.0,122,14,42000.0
ODI0007526,10,1,5000.0,0,0,0.0,10,1,5000.0
ODI0007527,52,1,112.94000000000051,0,0,0.0,52,1,112.94000000000051
ODI0007528,9,0,16.660000000000082,0,0,0.0,9,0,16.660000000000082
ODI0007533,126,4,8000.0,0,0,0.0,126,4,8000.0
ODI0007538,122,0,4450.43,0,0,0.0,122,0,4450.43
ODI0007539,94,1,1000.0,0,0,0.0,94,1,1000.0
ODI0007543,120,4,9000.0,0,0,0.0,120,4,9000.0
ODI0007546,126,6,14300.0,0,0,0.0,126,6,14300.0
ODI0007554,114,14,105000.0,0,0,0.0,114,14,105000.0
ODI0007568,122,2,11000.0,0,0,0.0,122,2,11000.0
ODI0007569,85,1,236.79999999999927,0,0,0.0,85,1,236.79999999999927
ODI0007570,99,2,363.1100000000006,38,2,2000.0,99,4,2363.1100000000006
ODI0007575,108,2,2089.1099999999997,0,0,0.0,108,2,2089.1099999999997
ODI0007581,111,5,5000.0,0,0,0.0,111,5,5000.0
ODI0007586,122,5,17000.0,0,0,0.0,122,5,17000.0
ODI0007587,125,3,9450.58,0,0,0.0,125,3,9450.58
ODI0007594,125,1,5000.0,0,0,0.0,125,1,5000.0
ODI0007600,28,2,6000.0,0,0,0.0,28,2,6000.0
ODI0007606,111,2,7500.0,0,0,0.0,111,2,7500.0
ODI0007612,125,5,13000.0,52,1,10000.0,125,6,23000.0
ODI0007616,125,5,9000.0,0,0,0.0,125,5,9000.0
ODI0007621,79,4,8000.0,0,0,0.0,79,4,8000.0
ODI0007635,32,0,186.89000000000033,0,0,0.0,32,0,186.89000000000033
ODI0007642,109,4,222.67000000000007,0,0,0.0,109,4,222.67000000000007
ODI0007651,120,5,25000.0,0,0,0.0,120,5,25000.0
ODI0007668,125,2,7000.0,0,0,0.0,125,2,7000.0
ODI0007677,112,6,16500.0,0,0,0.0,112,6,16500.0
ODI0007690,125,3,1097.2600000000002,0,0,0.0,125,3,1097.2600000000002
ODI0007714,122,3,6000.0,0,0,0.0,122,3,6000.0
ODI0007739,112,5,50000.0,0,0,0.0,112,5,50000.0
ODI0007749,9,0,0.6100000000000136,0,0,0.0,9,0,0.6100000000000136
ODI0007757,118,4,509750.0,0,0,0.0,118,4,509750.0
ODI0007763,122,5,14000.0,0,0,0.0,122,5,14000.0
ODI0007769,122,5,9000.0,0,0,0.0,122,5,9000.0
ODI0007776,94,2,2000.0,0,0,0.0,94,2,2000.0
ODI0007782,101,5,5000.0,0,0,0.0,101,5,5000.0
ODI0007788,122,3,3248.33,0,0,0.0,122,3,3248.33
ODI0007794,102,2,273.5099999999984,0,0,0.0,102,2,273.5099999999984
ODI0007805,120,4,37500.0,0,0,0.0,120,4,37500.0
ODI0007807,120,3,80000.0,0,0,0.0,120,3,80000.0
ODI0007811,42,1,20.65000000000009,0,0,0.0,42,1,20.65000000000009
ODI0007812,115,4,39000.0,0,0,0.0,115,4,39000.0
ODI0007813,118,4,10000.0,56,1,1000.0,118,5,11000.0
ODI0007823,112,0,182.40999999999985,0,0,0.0,112,0,182.40999999999985
ODI0007825,94,4,8500.0,0,0,0.0,94,4,8500.0
ODI0007829,120,5,7018.44,0,0,0.0,120,5,7018.44
ODI0007853,46,0,33.819999999999936,0,0,0.0,46,0,33.819999999999936
ODI0007866,86,1,345.6700000000001,0,0,0.0,86,1,345.6700000000001
ODI0007868,121,4,25000.0,0,0,0.0,121,4,25000.0
ODI0007875,103,2,235.28000000000065,0,0,0.0,103,2,235.28000000000065
ODI0007876,121,5,13000.0,0,0,0.0,121,5,13000.0
ODI0007879,121,4,8000.0,0,0,0.0,121,4,8000.0
ODI0007885,120,3,4077.9400000000005,0,0,0.0,120,3,4077.9400000000005
ODI0007909,0,0,0.0,23,1,1000.0,23,1,1000.0
ODI0007914,14,-2,18.80999999999949,0,0,0.0,14,-2,18.80999999999949
ODI0007917,104,5,9000.0,0,0,0.0,104,5,9000.0
ODI0007928,121,4,2949.019999999997,0,0,0.0,121,4,2949.019999999997
ODI0007951,94,1,1000.0,0,0,0.0,94,1,1000.0
ODI0007969,31,2,2000.0,0,0,0.0,31,2,2000.0
ODI0007974,97,5,18000.0,0,0,0.0,97,5,18000.0
ODI0007978,58,4,582.1100000000006,0,0,0.0,58,4,582.1100000000006
ODI0007998,115,4,65000.0,0,0,0.0,115,4,65000.0
ODI0008025,56,3,7000.0,56,1,5000.0,56,4,12000.0
ODI0008034,67,1,2224.0599999999977,0,0,0.0,67,1,2224.0599999999977
ODI0008041,42,1,16.960000000000036,0,0,0.0,42,1,16.960000000000036
ODI0008044,119,6,27000.0,0,0,0.0,119,6,27000.0
ODI0008055,92,0,63.850000000000364,0,0,0.0,92,0,63.850000000000364
ODI0008069,86,0,-2.769999999999982,0,0,0.0,86,0,-2.769999999999982
ODI0008087,120,4,4000.0,0,0,0.0,120,4,4000.0
ODI0008092,119,5,9000.0,0,0,0.0,119,5,9000.0
ODI0008101,119,5,71000.0,0,0,0.0,119,5,71000.0
ODI0008106,63,2,1030.48,0,0,0.0,63,2,1030.48
ODI0008111,81,2,166.39999999999964,0,0,0.0,81,2,166.39999999999964
ODI0008126,119,8,13000.0,0,0,0.0,119,8,13000.0
ODI0008127,118,5,20000.0,0,0,0.0,118,5,20000.0
ODI0008129,87,3,3000.0,0,0,0.0,87,3,3000.0
ODI0008138,112,1,5000.0,0,0,0.0,112,1,5000.0
ODI0008186,115,4,20000.0,0,0,0.0,115,4,20000.0
ODI0008187,105,4,4000.0,0,0,0.0,105,4,4000.0
ODI0008203,119,6,225000.0,0,0,0.0,119,6,225000.0
ODI0008204,91,6,18000.0,0,0,0.0,91,6,18000.0
ODI0008205,115,16,700000.0,0,0,0.0,115,16,700000.0
ODI0008206,117,1,187.1299999999992,0,0,0.0,117,1,187.1299999999992
ODI0008207,38,0,-1.3700000000000045,0,0,0.0,38,0,-1.3700000000000045
ODI0008218,110,3,1124.1800000000003,0,0,0.0,110,3,1124.1800000000003
ODI0008222,98,4,8000.0,0,0,0.0,98,4,8000.0
ODI0008235,94,1,2052.84,0,0,0.0,94,1,2052.84
ODI0008239,106,5,18000.0,0,0,0.0,106,5,18000.0
ODI0008266,106,1,5000.0,0,0,0.0,106,1,5000.0
ODI0008273,97,5,9000.0,0,0,0.0,97,5,9000.0
ODI0008323,90,3,3000.0,0,0,0.0,90,3,3000.0
ODI0008341,65,0,970.2199999999998,0,0,0.0,65,0,970.2199999999998
ODI0008374,39,0,-1.67999999999995,0,0,0.0,39,0,-1.67999999999995
ODI0008376,106,2,20000.0,0,0,0.0,106,2,20000.0
ODI0008392,99,4,13000.0,0,0,0.0,99,4,13000.0
ODI0008420,115,1,5000.0,0,0,0.0,115,1,5000.0
ODI0008440,79,2,6000.0,0,0,0.0,79,2,6000.0
ODI0008510,115,5,9000.0,0,0,0.0,115,5,9000.0
ODI0008511,59,1,53.159999999999854,0,0,0.0,59,1,53.159999999999854
ODI0008519,17,0,0.03999999999996362,0,0,0.0,17,0,0.03999999999996362
ODI0008548,8,0,-0.7200000000000273,0,0,0.0,8,0,-0.7200000000000273
ODI0008549,37,3,25000.0,0,0,0.0,37,3,25000.0
ODI0008550,113,3,2024.3600000000006,0,0,0.0,113,3,2024.3600000000006
ODI0008561,114,3,34515.55,0,0,0.0,114,3,34515.55
ODI0008579,49,1,28.079999999999927,0,0,0.0,49,1,28.079999999999927
ODI0008584,10,0,0.7000000000000455,0,0,0.0,10,0,0.7000000000000455
ODI0008587,12,0,63.43000000000029,0,0,0.0,12,0,63.43000000000029
ODI0008588,107,2,6000.0,0,0,0.0,107,2,6000.0
ODI0008599,104,2,200000.0,0,0,0.0,104,2,200000.0
ODI0008617,11,0,-0.16999999999995907,0,0,0.0,11,0,-0.16999999999995907
ODI0008623,63,3,3000.0,0,0,0.0,63,3,3000.0
ODI0008625,50,1,57.27999999999997,0,0,0.0,50,1,57.27999999999997
ODI0008634,49,0,22.519999999999527,0,0,0.0,49,0,22.519999999999527
ODI0008683,10,0,0.7000000000000455,0,0,0.0,10,0,0.7000000000000455
ODI0008685,115,4,40000.0,0,0,0.0,115,4,40000.0
ODI0008686,115,-2,-8941.810000000001,0,0,0.0,38,-2,-8941.810000000001
ODI0008739,114,3,553750.0,0,0,0.0,114,3,553750.0
ODI0008742,18,0,-0.5199999999999818,0,0,0.0,18,0,-0.5199999999999818
ODI0008748,112,1,1980.5699999999997,0,0,0.0,112,1,1980.5699999999997
ODI0008775,81,0,57.86999999999989,0,0,0.0,81,0,57.86999999999989
ODI0008781,49,2,2000.0,0,0,0.0,49,2,2000.0
ODI0008789,104,7,12000.0,0,0,0.0,104,7,12000.0
ODI0008792,107,5,27000.0,0,0,0.0,107,5,27000.0
ODI0008798,108,4,10000.0,0,0,0.0,108,4,10000.0
ODI0008809,92,0,0.5099999999999909,23,1,1000.0,107,1,1000.51
ODI0008820,35,0,-1.75,0,0,0.0,35,0,-1.75
ODI0008828,112,5,9000.0,0,0,0.0,112,5,9000.0
ODI0008843,31,1,168.95999999999913,0,0,0.0,31,1,168.95999999999913
ODI0008851,105,4,23000.0,0,0,0.0,105,4,23000.0
ODI0008856,38,2,6000.0,0,0,0.0,38,2,6000.0
ODI0008869,24,0,30.769999999999982,0,0,0.0,24,0,30.769999999999982
ODI0008890,21,1,19.079999999999927,0,0,0.0,21,1,19.079999999999927
ODI0008891,1,1,1000.0,0,0,0.0,1,1,1000.0
ODI0008897,100,4,40000.0,45,2,4000.0,100,6,44000.0
ODI0008901,1,1,1000.0,0,0,0.0,1,1,1000.0
ODI0008914,112,4,8500.0,0,0,0.0,112,4,8500.0
ODI0008917,15,0,-12.36999999999989,0,0,0.0,15,0,-12.36999999999989
ODI0008921,93,1,2000.0,0,0,0.0,93,1,2000.0
ODI0008929,16,0,718.5800000000017,0,0,0.0,16,0,718.5800000000017
ODI0008937,113,3,8134.62,0,0,0.0,113,3,8134.62
ODI0008942,94,4,8000.0,0,0,0.0,94,4,8000.0
ODI0008952,85,4,12250.0,0,0,0.0,85,4,12250.0
ODI0008953,94,1,1000.0,0,0,0.0,94,1,1000.0
ODI0008977,112,4,11000.0,0,0,0.0,112,4,11000.0
ODI0008994,107,5,100000.0,0,0,0.0,107,5,100000.0
ODI0009013,112,2,7000.0,0,0,0.0,112,2,7000.0
ODI0009016,112,4,14000.0,0,0,0.0,112,4,14000.0
ODI0009027,101,5,10000.0,0,0,0.0,101,5,10000.0
ODI0009029,20,0,-29.61999999999989,0,0,0.0,20,0,-29.61999999999989
ODI0009032,94,3,2054.95,0,0,0.0,94,3,2054.95
ODI0009045,31,1,1000.0,0,0,0.0,31,1,1000.0
ODI0009046,39,0,97.44999999999982,0,0,0.0,39,0,97.44999999999982
ODI0009051,113,5,50000.0,0,0,0.0,113,5,50000.0
ODI0009060,111,5,13000.0,0,0,0.0,111,5,13000.0
ODI0009085,114,6,60000.0,28,1,8000.0,114,7,68000.0
ODI0009101,94,4,4000.0,0,0,0.0,94,4,4000.0
ODI0009113,114,4,50000.0,55,2,2000.0,114,6,52000.0
ODI0009122,83,4,10000.0,0,0,0.0,83,4,10000.0
ODI0009146,44,2,35000.0,16,1,50000.0,44,3,85000.0
ODI0009147,31,1,276.3099999999995,0,0,0.0,31,1,276.3099999999995
ODI0009152,99,1,14508.36,0,0,0.0,99,1,14508.36
ODI0009161,114,5,140000.0,0,0,0.0,114,5,140000.0
ODI0009171,41,1,74.85000000000036,0,0,0.0,41,1,74.85000000000036
ODI0009176,35,0,113.43000000000029,0,0,0.0,35,0,113.43000000000029
ODI0009192,94,3,3000.0,0,0,0.0,94,3,3000.0
ODI0009202,1,1,1000.0,0,0,0.0,1,1,1000.0
ODI0009220,82,2,522.9300000000003,0,0,0.0,82,2,522.9300000000003
ODI0009229,112,5,17000.0,0,0,0.0,112,5,17000.0
ODI0009233,1,1,1000.0,0,0,0.0,1,1,1000.0
ODI0009241,94,3,3000.0,0,0,0.0,94,3,3000.0
ODI0009243,111,5,15000.0,0,0,0.0,111,5,15000.0
ODI0009285,43,0,75.56999999999971,0,0,0.0,43,0,75.56999999999971
ODI0009292,112,3,10000.0,0,0,0.0,112,3,10000.0
ODI0009300,57,3,7000.0,0,0,0.0,57,3,7000.0
ODI0009310,111,5,9000.0,0,0,0.0,111,5,9000.0
ODI0009311,105,4,16000.0,0,0,0.0,105,4,16000.0
ODI0009313,84,2,81.26000000000022,0,0,0.0,84,2,81.26000000000022
ODI0009341,94,3,3000.0,9,1,1000.0,94,4,4000.0
ODI0009359,87,3,2998.68,0,0,0.0,87,3,2998.68
ODI0009361,108,5,9000.0,0,0,0.0,108,5,9000.0
ODI0009364,10,0,-5.050000000000182,0,0,0.0,10,0,-5.050000000000182
ODI0009374,108,13,111500.0,51,2,3000.0,108,15,114500.0
ODI0009396,108,5,58000.0,0,0,0.0,108,5,58000.0
ODI0009428,27,0,47.73000000000047,0,0,0.0,27,0,47.73000000000047
ODI0009464,108,3,7000.0,0,0,0.0,108,3,7000.0
ODI0009488,111,5,25000.0,0,0,0.0,111,5,25000.0
ODI0009494,111,6,36000.0,0,0,0.0,111,6,36000.0
ODI0009495,108,4,20000.0,0,0,0.0,108,4,20000.0
ODI0009510,94,4,5000.0,0,0,0.0,94,4,5000.0
ODI0009522,10,0,19.620000000000005,0,0,0.0,10,0,19.620000000000005
ODI0009524,108,5,70000.0,0,0,0.0,108,5,70000.0
ODI0009547,90,1,1000.0,0,0,0.0,90,1,1000.0
ODI0009560,90,3,7500.000000000001,0,0,0.0,90,3,7500.000000000001
ODI0009574,101,4,4000.0,0,0,0.0,101,4,4000.0
ODI0009583,100,4,30000.0,0,0,0.0,100,4,30000.0
ODI0009596,108,2,7000.0,0,0,0.0,108,2,7000.0
ODI0009612,70,0,171.77999999999975,0,0,0.0,70,0,171.77999999999975
ODI0009614,94,2,2113.4300000000003,0,0,0.0,94,2,2113.4300000000003
ODI0009630,100,5,9000.0,0,0,0.0,100,5,9000.0
ODI0009671,53,0,-1.4700000000000273,0,0,0.0,53,0,-1.4700000000000273
ODI0009673,111,2,6000.0,0,0,0.0,111,2,6000.0
ODI0009678,111,6,27500.0,36,1,5000.0,111,7,32500.0
ODI0009696,106,4,115000.0,0,0,0.0,106,4,115000.0
ODI0009697,90,3,369.6199999999999,0,0,0.0,90,3,369.6199999999999
ODI0009700,106,1,10000.0,0,0,0.0,106,1,10000.0
ODI0009738,94,0,601.3100000000013,0,0,0.0,94,0,601.3100000000013
ODI0009763,52,0,77.86999999999989,0,0,0.0,52,0,77.86999999999989
ODI0009774,104,4,148000.0,0,0,0.0,104,4,148000.0
ODI0009775,105,1,2000.0,0,0,0.0,105,1,2000.0
ODI0009790,97,2,6000.0,0,0,0.0,97,2,6000.0
ODI0009797,93,4,14000.0,0,0,0.0,93,4,14000.0
ODI0009835,108,3,7000.0,0,0,0.0,108,3,7000.0
ODI0009849,24,2,146.63000000000102,0,0,0.0,24,2,146.63000000000102
ODI0009918,107,1,1094.33,0,0,0.0,107,1,1094.33
ODI0009922,108,5,35000.0,0,0,0.0,108,5,35000.0
ODI0009926,108,6,21000.0,0,0,0.0,108,6,21000.0
ODI0009928,106,4,70000.0,0,0,0.0,106,4,70000.0
ODI0009946,66,4,39500.0,0,0,0.0,66,4,39500.0
ODI0009952,17,1,2000.0,0,0,0.0,17,1,2000.0
ODI0009989,106,5,19000.0,0,0,0.0,106,5,19000.0
ODI0009999,107,3,3320.459999999999,0,0,0.0,107,3,3320.459999999999
ODI0010043,6,1,15000.0,0,0,0.0,6,1,15000.0
ODI0010105,91,1,5000.0,0,0,0.0,91,1,5000.0
ODI0010141,34,2,10000.0,0,0,0.0,34,2,10000.0
ODI0010158,70,9,403000.0,0,0,0.0,70,9,403000.0
ODI0010198,94,5,6000.0,0,0,0.0,94,5,6000.0
ODI0010218,41,0,18.38000000000011,0,0,0.0,41,0,18.38000000000011
ODI0010225,78,2,5000.0,0,0,0.0,78,2,5000.0
ODI0010231,91,0,151.97000000000025,0,0,0.0,91,0,151.97000000000025
ODI0010294,63,2,2000.0,0,0,0.0,63,2,2000.0
ODI0010318,38,2,9000.0,0,0,0.0,38,2,9000.0
ODI0010349,100,5,115000.0,0,0,0.0,100,5,115000.0
ODI0010381,100,5,9800.0,0,0,0.0,100,5,9800.0
ODI0010385,100,6,17500.0,0,0,0.0,100,6,17500.0
ODI0010404,101,5,9000.0,0,0,0.0,101,5,9000.0
ODI0010407,50,2,6000.0,0,0,0.0,50,2,6000.0
ODI0010408,70,1,2392.6800000000003,0,0,0.0,70,1,2392.6800000000003
ODI0010411,97,4,14500.0,0,0,0.0,97,4,14500.0
ODI0010469,49,2,10000.0,0,0,0.0,49,2,10000.0
ODI0010480,79,1,161250.0,0,0,0.0,79,1,161250.0
ODI0010493,73,0,39.930000000000064,0,0,0.0,73,0,39.930000000000064
ODI0010502,25,0,-1.2699999999999818,0,0,0.0,25,0,-1.2699999999999818
ODI0010503,26,1,310.0799999999999,0,0,0.0,26,1,310.0799999999999
ODI0010508,105,2,35000.0,0,0,0.0,105,2,35000.0
ODI0010519,34,-1,3437.0100000000093,0,0,0.0,34,-1,3437.0100000000093
ODI0010538,104,1,6250.0,0,0,0.0,104,1,6250.0
ODI0010548,99,3,7000.0,0,0,0.0,99,3,7000.0
ODI0010578,31,1,1000.0,0,0,0.0,31,1,1000.0
ODI0010620,100,1,338.2999999999993,0,0,0.0,100,1,338.2999999999993
ODI0010629,65,4,150000.0,0,0,0.0,65,4,150000.0
ODI0010654,105,1,5000.0,0,0,0.0,105,1,5000.0
ODI0010680,84,1,553.46,0,0,0.0,84,1,553.46
ODI0010713,80,3,407.97999999999956,41,4,20000.0,97,7,20407.98
ODI0010716,9,1,5000.0,0,0,0.0,9,1,5000.0
ODI0010747,18,0,-0.10000000000002274,0,0,0.0,18,0,-0.10000000000002274
ODI0010750,31,2,2000.0,34,1,1000.0,34,3,3000.0
ODI0010758,88,2,300.6200000000026,0,0,0.0,88,2,300.6200000000026
ODI0010766,21,0,128.15999999999985,0,0,0.0,21,0,128.15999999999985
ODI0010779,100,2,8000.0,0,0,0.0,100,2,8000.0
ODI0010797,104,4,8900.0,0,0,0.0,104,4,8900.0
ODI0010811,69,1,2959.91,0,0,0.0,69,1,2959.91
ODI0010816,87,2,7000.0,0,0,0.0,87,2,7000.0
ODI0010836,35,0,-1.4600000000000364,0,0,0.0,35,0,-1.4600000000000364
ODI0010863,23,2,6000.0,0,0,0.0,23,2,6000.0
ODI0010865,38,2,2000.0,42,5,30000.0,42,7,32000.0
ODI0010866,101,2,6000.0,0,0,0.0,101,2,6000.0
ODI0010883,81,1,66.20000000000005,0,0,0.0,81,1,66.20000000000005
ODI0010896,63,2,2500.0,0,0,0.0,63,2,2500.0
ODI0010901,99,1,5000.0,0,0,0.0,99,1,5000.0
ODI0010902,101,1,5000.0,0,0,0.0,101,1,5000.0
ODI0010929,94,4,4000.0,0,0,0.0,94,4,4000.0
ODI0010941,98,3,2633.67,0,0,0.0,98,3,2633.67
ODI0010942,101,1,10000.0,0,0,0.0,101,1,10000.0
ODI0010943,101,4,8000.0,0,0,0.0,101,4,8000.0
ODI0010945,94,4,4000.0,0,0,0.0,94,4,4000.0
ODI0010953,101,5,10000.0,0,0,0.0,101,5,10000.0
ODI0010969,94,4,8000.0,0,0,0.0,94,4,8000.0
ODI0011027,97,4,215000.0,0,0,0.0,97,4,215000.0
ODI0011038,97,4,20000.0,0,0,0.0,97,4,20000.0
ODI0011085,98,4,130000.0,0,0,0.0,98,4,130000.0
ODI0011087,38,2,2000.0,0,0,0.0,38,2,2000.0
ODI0011100,100,4,8000.0,0,0,0.0,100,4,8000.0
ODI0011109,63,3,3000.0,0,0,0.0,63,3,3000.0
ODI0011140,99,4,106000.0,0,0,0.0,99,4,106000.0
ODI0011144,98,4,20000.0,0,0,0.0,98,4,20000.0
ODI0011146,99,1,5000.0,0,0,0.0,99,1,5000.0
ODI0011153,99,3,7000.0,10,1,1000.0,99,4,8000.0
ODI0011157,94,3,15000.0,0,0,0.0,94,3,15000.0
ODI0011158,99,1,10000.0,0,0,0.0,99,1,10000.0
ODI0011182,94,4,11000.0,23,1,1000.0,94,5,12000.0
ODI0011195,13,0,-0.25,0,0,0.0,13,0,-0.25
ODI0011196,97,2,2000.0,0,0,0.0,97,2,2000.0
ODI0011199,38,2,2000.0,0,0,0.0,38,2,2000.0
ODI0011201,94,4,4000.0,0,0,0.0,94,4,4000.0
ODI0011216,92,1,30000.0,0,0,0.0,92,1,30000.0
ODI0011223,62,2,7000.0,0,0,0.0,62,2,7000.0
ODI0011229,94,1,1100.0,0,0,0.0,94,1,1100.0
ODI0011235,63,1,998.25,0,0,0.0,63,1,998.25
ODI0011243,31,2,2000.0,0,0,0.0,31,2,2000.0
ODI0011245,100,5,10500.0,0,0,0.0,100,5,10500.0
ODI0011251,100,5,3116.6099999999997,55,2,6000.0,100,7,9116.61
ODI0011270,99,7,11800.0,0,0,0.0,99,7,11800.0
ODI0011272,27,3,3000.0,0,0,0.0,27,3,3000.0
ODI0011276,57,2,6000.0,31,1,1000.0,57,3,7000.0
ODI0011300,91,2,6000.0,0,0,0.0,91,2,6000.0
ODI0011308,25,0,3.1900000000000546,0,0,0.0,25,0,3.1900000000000546
ODI0011320,92,1,5000.0,0,0,0.0,92,1,5000.0
ODI0011325,43,1,-1.7300000000000182,0,0,0.0,43,1,-1.7300000000000182
ODI0011328,7,0,28.070000000000164,0,0,0.0,7,0,28.070000000000164
ODI0011341,8,0,-5.739999999999782,0,0,0.0,8,0,-5.739999999999782
ODI0011347,99,4,11000.0,0,0,0.0,99,4,11000.0
ODI0011366,98,2,6000.0,0,0,0.0,98,2,6000.0
ODI0011375,7,0,-0.20000000000004547,0,0,0.0,7,0,-0.20000000000004547
ODI0011394,77,3,3009.12,48,1,2000.0,77,4,5009.12
ODI0011416,9,2,6000.0,0,0,0.0,9,2,6000.0
ODI0011417,99,5,50000.0,0,0,0.0,99,5,50000.0
ODI0011420,92,6,65000.0,0,0,0.0,92,6,65000.0
ODI0011425,94,3,12000.0,0,0,0.0,94,3,12000.0
ODI0011427,98,3,12000.0,0,0,0.0,98,3,12000.0
ODI0011433,83,3,3061.76,37,1,1000.0,83,4,4061.76
ODI0011441,98,1,10000.0,0,0,0.0,98,1,10000.0
ODI0011442,7,0,-8.099999999999909,0,0,0.0,7,0,-8.099999999999909
ODI0011458,97,2,13000.0,0,0,0.0,97,2,13000.0
ODI0011461,98,0,591.21,0,0,0.0,98,0,591.21
ODI0011462,98,4,4000.0,0,0,0.0,98,4,4000.0
ODI0011473,69,4,9000.0,55,1,10000.0,69,5,19000.0
ODI0011478,98,5,25000.0,0,0,0.0,98,5,25000.0
ODI0011481,98,3,11000.0,56,2,11000.0,98,5,22000.0
ODI0011482,17,1,2000.0,0,0,0.0,17,1,2000.0
ODI0011499,24,0,80.34000000000015,0,0,0.0,24,0,80.34000000000015
ODI0011503,98,7,29000.0,0,0,0.0,98,7,29000.0
ODI0011512,80,1,27.9699999999998,31,2,2000.0,93,3,2027.9699999999998
ODI0011521,56,0,-11.770000000000437,0,0,0.0,56,0,-11.770000000000437
ODI0011525,97,1,5000.0,0,0,0.0,97,1,5000.0
ODI0011527,94,4,8000.0,0,0,0.0,94,4,8000.0
ODI0011529,28,0,25.730000000000018,0,0,0.0,28,0,25.730000000000018
ODI0011536,87,4,55000.0,0,0,0.0,87,4,55000.0
ODI0011578,97,3,7000.0,55,2,2000.0,97,5,9000.0
ODI0011582,97,3,120000.0,0,0,0.0,97,3,120000.0
ODI0011596,91,2,3497.9699999999993,0,0,0.0,91,2,3497.9699999999993
ODI0011600,94,4,11000.0,0,0,0.0,94,4,11000.0
ODI0011601,15,0,-0.2400000000000091,0,0,0.0,15,0,-0.2400000000000091
ODI0011612,77,3,15000.0,0,0,0.0,77,3,15000.0
ODI0011613,94,6,21000.0,0,0,0.0,94,6,21000.0
ODI0011624,94,3,7000.0,0,0,0.0,94,3,7000.0
ODI0011629,94,4,8000.0,0,0,0.0,94,4,8000.0
ODI0011648,94,4,8000.0,0,0,0.0,94,4,8000.0
ODI0011652,94,5,20000.0,0,0,0.0,94,5,20000.0
ODI0011658,92,1,100000.0,0,0,0.0,92,1,100000.0
ODI0011663,92,2,1671.4099999999999,0,0,0.0,92,2,1671.4099999999999
ODI0011671,92,10,18600.0,0,0,0.0,92,10,18600.0
ODI0011679,90,1,5000.0,0,0,0.0,90,1,5000.0
ODI0011704,93,1,1053.83,0,0,0.0,93,1,1053.83
ODI0011709,84,7,163750.0,0,0,0.0,84,7,163750.0
ODI0011717,63,1,2000.0,0,0,0.0,63,1,2000.0
ODI0011725,45,3,7000.0,0,0,0.0,45,3,7000.0
ODI0011747,76,5,15000.0,0,0,0.0,76,5,15000.0
ODI0011762,91,4,126000.0,0,0,0.0,91,4,126000.0
ODI0011767,93,4,8000.0,0,0,0.0,93,4,8000.0
ODI0011775,92,8,19000.0,52,4,6675.0,92,12,25675.0
ODI0011780,21,0,99.10000000000036,0,0,0.0,21,0,99.10000000000036
ODI0011826,91,2,2000.0,0,0,0.0,91,2,2000.0
ODI0011847,1,1,1000.0,0,0,0.0,1,1,1000.0
ODI0011853,93,5,13000.0,0,0,0.0,93,5,13000.0
ODI0011854,93,4,8000.0,14,1,1000.0,93,5,9000.0
ODI0011870,62,4,8000.0,0,0,0.0,62,4,8000.0
ODI0011885,93,5,140000.0,0,0,0.0,93,5,140000.0
ODI0011889,84,2,10000.0,0,0,0.0,84,2,10000.0
ODI0011894,85,2,1165.58,0,0,0.0,85,2,1165.58
ODI0011902,92,4,8000.0,0,0,0.0,92,4,8000.0
ODI0011910,91,4,15000.0,0,0,0.0,91,4,15000.0
ODI0011944,86,4,4000.0,0,0,0.0,86,4,4000.0
ODI0011945,92,3,9000.0,0,0,0.0,92,3,9000.0
ODI0011950,58,1,24.63000000000011,0,0,0.0,58,1,24.63000000000011
ODI0011951,78,3,7000.0,0,0,0.0,78,3,7000.0
ODI0011961,20,0,53.98999999999978,0,0,0.0,20,0,53.98999999999978
ODI0011962,85,3,15504.34,0,0,0.0,85,3,15504.34
ODI0011964,90,2,8000.0,0,0,0.0,90,2,8000.0
ODI0011965,13,0,50.3100000000004,0,0,0.0,13,0,50.3100000000004
ODI0011991,91,4,103000.0,0,0,0.0,91,4,103000.0
ODI0011998,18,1,548.1399999999994,0,0,0.0,18,1,548.1399999999994
ODI0012008,13,0,163.89999999999964,0,0,0.0,13,0,163.89999999999964
ODI0012026,63,2,4000.0,0,0,0.0,63,2,4000.0
ODI0012028,31,0,170.02000000000044,0,0,0.0,31,0,170.02000000000044
ODI0012049,90,1,1067.04,0,0,0.0,90,1,1067.04
ODI0012051,34,0,45.6899999999996,0,0,0.0,34,0,45.6899999999996
ODI0012062,63,3,4500.0,0,0,0.0,63,3,4500.0
ODI0012085,1,1,1000.0,0,0,0.0,1,1,1000.0
ODI0012094,90,4,25000.0,0,0,0.0,90,4,25000.0
ODI0012117,83,8,601250.0,0,0,0.0,83,8,601250.0
ODI0012130,87,3,40000.0,0,0,0.0,87,3,40000.0
ODI0012161,42,3,7000.0,37,4,4000.0,42,7,11000.0
ODI0012166,83,4,11000.0,0,0,0.0,83,4,11000.0
ODI0012169,84,9,155000.0,56,2,37500.0,84,11,192500.0
ODI0012171,8,0,-0.9500000000000455,0,0,0.0,8,0,-0.9500000000000455
ODI0012181,85,4,8000.000000000001,7,1,30000.0,85,5,38000.0
ODI0012192,83,4,53750.0,0,0,0.0,83,4,53750.0
ODI0012193,84,4,40000.0,0,0,0.0,84,4,40000.0
ODI0012203,59,3,7000.0,0,0,0.0,59,3,7000.0
ODI0012205,85,3,7000.0,0,0,0.0,85,3,7000.0
ODI0012207,30,0,67.47999999999956,0,0,0.0,30,0,67.47999999999956
ODI0012211,30,1,39.600000000000364,0,0,0.0,30,1,39.600000000000364
ODI0012222,85,4,8000.0,0,0,0.0,85,4,8000.0
ODI0012234,79,3,20000.0,0,0,0.0,79,3,20000.0
ODI0012239,30,0,121.97999999999956,0,0,0.0,30,0,121.97999999999956
ODI0012242,71,3,100000.0,0,0,0.0,71,3,100000.0
ODI0012243,84,5,9000.0,0,0,0.0,84,5,9000.0
ODI0012244,85,4,20000.0,0,0,0.0,85,4,20000.0
ODI0012249,1,1,1000.0,0,0,0.0,1,1,1000.0
ODI0012267,66,2,13000.0,0,0,0.0,66,2,13000.0
ODI0012271,55,4,400000.0,55,1,180000.0,55,5,580000.0
ODI0012282,83,4,8000.0,0,0,0.0,83,4,8000.0
ODI0012286,85,4,80000.0,0,0,0.0,85,4,80000.0
ODI0012307,48,1,58.72999999999956,0,0,0.0,48,1,58.72999999999956
ODI0012311,84,4,8000.0,0,0,0.0,84,4,8000.0
ODI0012314,85,5,9000.0,0,0,0.0,85,5,9000.0
ODI0012318,86,4,12000.0,0,0,0.0,86,4,12000.0
ODI0012326,27,0,79.27999999999975,0,0,0.0,27,0,79.27999999999975
ODI0012333,84,1,3672.47,0,0,0.0,84,1,3672.47
ODI0012334,85,4,50000.0,0,0,0.0,85,4,50000.0
ODI0012349,86,4,8000.0,0,0,0.0,86,4,8000.0
ODI0012358,84,6,16500.0,55,2,4500.0,84,8,21000.0
ODI0012362,77,2,2000.0,0,0,0.0,77,2,2000.0
ODI0012368,70,4,39000.0,0,0,0.0,70,4,39000.0
ODI0012382,63,3,3000.0,0,0,0.0,63,3,3000.0
ODI0012392,31,2,6000.0,0,0,0.0,31,2,6000.0
ODI0012443,79,3,70000.0,0,0,0.0,79,3,70000.0
ODI0012447,63,2,2017.1499999999996,0,0,0.0,63,2,2017.1499999999996
ODI0012465,84,3,18000.0,8,1,40000.0,84,4,58000.0
ODI0012477,73,3,95000.0,0,0,0.0,73,3,95000.0
ODI0012481,84,4,8000.0,0,0,0.0,84,4,8000.0
ODI0012500,73,1,5000.0,0,0,0.0,73,1,5000.0
ODI0012507,83,1,5000.0,0,0,0.0,83,1,5000.0
ODI0012514,66,2,6000.0,0,0,0.0,66,2,6000.0
ODI0012562,83,5,18000.0,0,0,0.0,83,5,18000.0
ODI0012578,20,0,37.1299999999992,0,0,0.0,20,0,37.1299999999992
ODI0012579,78,4,8000.0,0,0,0.0,78,4,8000.0
ODI0012601,29,0,31.819999999999936,0,0,0.0,29,0,31.819999999999936
ODI0012609,31,2,6000.0,0,0,0.0,31,2,6000.0
ODI0012611,6,1,20000.0,0,0,0.0,6,1,20000.0
ODI0012612,79,4,8000.0,0,0,0.0,79,4,8000.0
ODI0012614,63,5,9200.0,0,0,0.0,63,5,9200.0
ODI0012618,9,1,10000.0,0,0,0.0,9,1,10000.0
ODI0012623,79,3,7000.0,0,0,0.0,79,3,7000.0
ODI0012624,76,4,30000.0,0,0,0.0,76,4,30000.0
ODI0012634,79,5,11000.0,0,0,0.0,79,5,11000.0
ODI0012636,79,4,16250.0,0,0,0.0,79,4,16250.0
ODI0012637,36,2,2000.0,0,0,0.0,36,2,2000.0
ODI0012638,59,3,18000.0,0,0,0.0,59,3,18000.0
ODI0012653,78,4,17500.0,0,0,0.0,78,4,17500.0
ODI0012694,65,4,11000.0,0,0,0.0,65,4,11000.0
ODI0012711,73,4,8000.0,0,0,0.0,73,4,8000.0
ODI0012719,31,2,3000.0,0,0,0.0,31,2,3000.0
ODI0012730,0,0,0.0,34,1,1000.0,34,1,1000.0
ODI0012746,77,6,14000.0,0,0,0.0,77,6,14000.0
ODI0012789,58,3,13000.0,0,0,0.0,58,3,13000.0
ODI0012793,63,3,15000.0,0,0,0.0,63,3,15000.0
ODI0012794,50,4,13000.0,0,0,0.0,50,4,13000.0
ODI0012795,72,1,173.21000000000004,0,0,0.0,72,1,173.21000000000004
ODI0012819,69,1,2047.8600000000006,0,0,0.0,69,1,2047.8600000000006
ODI0012837,0,0,0.0,15,1,10000.0,15,1,10000.0
ODI0012839,66,3,30000.0,0,0,0.0,66,3,30000.0
ODI0012852,31,2,15000.0,0,0,0.0,31,2,15000.0
ODI0012855,76,3,9000.0,0,0,0.0,76,3,9000.0
ODI0012861,77,8,21500.0,51,3,3500.0,77,11,25000.0
ODI0012896,77,3,7000.0,0,0,0.0,77,3,7000.0
ODI0012918,77,2,6000.0,0,0,0.0,77,2,6000.0
ODI0012926,65,2,200000.0,0,0,0.0,65,2,200000.0
ODI0012936,66,6,10500.0,0,0,0.0,66,6,10500.0
ODI0012944,41,3,20000.0,0,0,0.0,41,3,20000.0
ODI0012954,36,2,6000.0,0,0,0.0,36,2,6000.0
ODI0012959,63,2,2000.0,42,2,2000.0,63,4,4000.0
ODI0012980,69,5,5000.0,0,0,0.0,69,5,5000.0
ODI0012987,71,1,10000.0,45,3,50000.0,71,4,60000.0
ODI0013004,50,2,3000.0,0,0,0.0,50,2,3000.0
ODI0013033,70,4,80000.0,0,0,0.0,70,4,80000.0
ODI0013039,73,3,2712.4500000000007,0,0,0.0,73,3,2712.4500000000007
ODI0013050,65,4,29000.0,52,1,15000.0,65,5,44000.0
ODI0013104,64,3,20000.0,0,0,0.0,64,3,20000.0
ODI0013133,36,0,-1.5499999999999545,0,0,0.0,36,0,-1.5499999999999545
ODI0013136,63,1,1000.0,0,0,0.0,63,1,1000.0
ODI0013150,66,3,3000.0,0,0,0.0,66,3,3000.0
ODI0013199,71,3,7000.0,0,0,0.0,71,3,7000.0
ODI0013215,65,2,2000.0,0,0,0.0,65,2,2000.0
ODI0013219,63,3,3005.99,0,0,0.0,63,3,3005.99
ODI0013220,66,4,8000.0,0,0,0.0,66,4,8000.0
ODI0013226,69,2,6500.0,0,0,0.0,69,2,6500.0
ODI0013227,66,2,22000.0,0,0,0.0,66,2,22000.0
ODI0013230,71,4,50000.0,56,3,50000.0,71,7,100000.0
ODI0013237,71,3,7000.0,0,0,0.0,71,3,7000.0
ODI0013250,64,5,90000.0,56,3,10000.0,64,8,100000.0
ODI0013288,71,3,7000.0,0,0,0.0,71,3,7000.0
ODI0013292,1,1,1000.0,0,0,0.0,1,1,1000.0
ODI0013306,69,3,15000.0,0,0,0.0,69,3,15000.0
ODI0013342,7,0,-0.12999999999999545,0,0,0.0,7,0,-0.12999999999999545
ODI0013344,69,6,32512.33,0,0,0.0,69,6,32512.33
ODI0013367,65,5,25000.0,0,0,0.0,65,5,25000.0
ODI0013421,63,3,15000.0,0,0,0.0,63,3,15000.0
ODI0013434,34,-1,254.77000000000044,0,0,0.0,34,-1,254.77000000000044
ODI0013445,49,1,5000.0,0,0,0.0,49,1,5000.0
ODI0013447,64,2,25000.0,0,0,0.0,64,2,25000.0
ODI0013448,52,1,10000.0,52,1,10000.0,52,2,20000.0
ODI0013457,69,4,8000.0,51,1,2000.0,69,5,10000.0
ODI0013459,13,0,-35.8100000000004,0,0,0.0,13,0,-35.8100000000004
ODI0013462,69,4,63552.0,0,0,0.0,69,4,63552.0
ODI0013485,69,5,260000.0,0,0,0.0,69,5,260000.0
ODI0013489,57,1,10000.0,0,0,0.0,57,1,10000.0
ODI0013490,58,2,6000.0,0,0,0.0,58,2,6000.0
ODI0013507,63,1,1000.0,0,0,0.0,63,1,1000.0
ODI0013521,65,3,10000.0,0,0,0.0,65,3,10000.0
ODI0013530,65,3,7000.0,0,0,0.0,65,3,7000.0
ODI0013535,58,3,3000.0,52,1,1000.0,58,4,4000.0
ODI0013536,50,3,25000.0,50,1,20000.0,50,4,45000.0
ODI0013539,8,0,17.609999999999673,0,0,0.0,8,0,17.609999999999673
ODI0013548,66,4,40000.0,0,0,0.0,66,4,40000.0
ODI0013559,63,3,9375.0,0,0,0.0,63,3,9375.0
ODI0013575,52,-1,147.59000000000015,0,0,0.0,52,-1,147.59000000000015
ODI0013601,65,3,15000.0,0,0,0.0,65,3,15000.0
ODI0013605,9,1,5000.0,0,0,0.0,9,1,5000.0
ODI0013609,45,1,5000.0,0,0,0.0,45,1,5000.0
ODI0013616,65,4,8000.0,0,0,0.0,65,4,8000.0
ODI0013617,63,1,20000.0,52,1,10000.0,63,2,30000.0
ODI0013622,65,3,110000.0,0,0,0.0,65,3,110000.0
ODI0013626,64,3,10000.0,0,0,0.0,64,3,10000.0
ODI0013651,63,3,3000.0,0,0,0.0,63,3,3000.0
ODI0013682,57,3,12000.0,0,0,0.0,57,3,12000.0
ODI0013685,65,4,8000.0,0,0,0.0,65,4,8000.0
ODI0013692,57,3,12000.0,0,0,0.0,57,3,12000.0
ODI0013694,63,4,104000.0,0,0,0.0,63,4,104000.0
ODI0013700,38,3,3000.0,0,0,0.0,38,3,3000.0
ODI0013702,65,4,30000.0,0,0,0.0,65,4,30000.0
ODI0013710,22,0,-1.2999999999999545,0,0,0.0,22,0,-1.2999999999999545
ODI0013722,65,4,25000.0,0,0,0.0,65,4,25000.0
ODI0013733,0,0,0.0,6,1,1000.0,6,1,1000.0
ODI0013738,62,-1,5011.7,49,1,5000.0,62,0,10011.7
ODI0013744,63,2,52000.0,55,2,22000.0,63,4,74000.0
ODI0013746,64,3,27000.0,0,0,0.0,64,3,27000.0
ODI0013755,0,0,0.0,6,1,2000.0,6,1,2000.0
ODI0013769,0,0,0.0,28,1,5000.0,28,1,5000.0
ODI0013776,64,1,10000.0,0,0,0.0,64,1,10000.0
ODI0013778,64,3,104000.0,0,0,0.0,64,3,104000.0
ODI0013794,59,1,5000.0,0,0,0.0,59,1,5000.0
ODI0013798,58,2,6000.0,0,0,0.0,58,2,6000.0
ODI0013807,1,1,1000.0,0,0,0.0,1,1,1000.0
ODI0013813,0,1,5000.0,0,0,0.0,0,1,5000.0
ODI0013820,37,6,55000.0,0,0,0.0,37,6,55000.0
ODI0013822,64,1,5000.0,0,0,0.0,64,1,5000.0
ODI0013826,17,2,6500.0,0,0,0.0,17,2,6500.0
ODI0013828,31,1,10000.0,0,0,0.0,31,1,10000.0
ODI0013834,63,3,14000.0,0,0,0.0,63,3,14000.0
ODI0013896,62,3,3000.0,0,0,0.0,62,3,3000.0
ODI0013899,63,3,7000.0,56,1,1000.0,63,4,8000.0
ODI0013928,58,0,583.2299999999996,0,0,0.0,58,0,583.2299999999996
ODI0013929,57,4,8000.0,0,0,0.0,57,4,8000.0
ODI0013940,55,1,40000.0,55,2,10000.0,55,3,50000.0
ODI0013945,55,1,50000.0,0,0,0.0,55,1,50000.0
ODI0013965,0,0,0.0,6,1,5000.0,6,1,5000.0
ODI0013979,59,1,9999.05,0,0,0.0,59,1,9999.05
ODI0013981,62,1,5000.0,0,0,0.0,62,1,5000.0
ODI0013982,62,1,5000.0,0,0,0.0,62,1,5000.0
ODI0013987,45,1,5000.0,43,3,15000.0,45,4,20000.0
ODI0014047,43,1,33.75999999999999,0,0,0.0,43,1,33.75999999999999
ODI0014048,50,5,163000.0,0,0,0.0,50,5,163000.0
ODI0014049,31,1,1000.0,0,0,0.0,31,1,1000.0
ODI0014056,28,0,-1.4099999999999682,0,0,0.0,28,0,-1.4099999999999682
ODI0014057,52,2,11000.0,0,0,0.0,52,2,11000.0
ODI0014065,55,4,10000.0,0,0,0.0,55,4,10000.0
ODI0014070,44,2,2000.0,37,2,2000.0,44,4,4000.0
ODI0014093,56,2,6000.0,0,0,0.0,56,2,6000.0
ODI0014098,56,5,1137.5499999999993,0,0,0.0,56,5,1137.5499999999993
ODI0014101,31,2,2000.0,0,0,0.0,31,2,2000.0
ODI0014103,52,1,10000.0,0,0,0.0,52,1,10000.0
ODI0014106,1,1,1000.0,0,0,0.0,1,1,1000.0
ODI0014115,57,15,82000.0,0,0,0.0,57,15,82000.0
ODI0014120,55,1,5000.0,0,0,0.0,55,1,5000.0
ODI0014125,49,1,10000.0,0,0,0.0,49,1,10000.0
ODI0014140,9,2,6000.0,15,1,5000.0,15,3,11000.0
ODI0014158,58,2,10000.0,0,0,0.0,58,2,10000.0
ODI0014164,58,3,160000.0,7,1,70000.0,58,4,230000.0
ODI0014165,58,4,16000.0,0,0,0.0,58,4,16000.0
ODI0014172,58,3,60000.0,0,0,0.0,58,3,60000.0
ODI0014173,45,1,5000.0,0,0,0.0,45,1,5000.0
ODI0014194,57,2,11250.0,0,0,0.0,57,2,11250.0
ODI0014199,58,3,110000.0,0,0,0.0,58,3,110000.0
ODI0014202,58,3,33000.0,0,0,0.0,58,3,33000.0
ODI0014204,57,4,22888.0,0,0,0.0,57,4,22888.0
ODI0014211,56,5,42000.0,56,2,15000.0,56,7,57000.0
ODI0014226,14,0,128.4400000000005,0,0,0.0,14,0,128.4400000000005
ODI0014296,56,3,20000.0,0,0,0.0,56,3,20000.0
ODI0014297,28,1,1000.0,0,0,0.0,28,1,1000.0
ODI0014311,36,3,24000.0,0,0,0.0,36,3,24000.0
ODI0014340,0,1,1000.0,0,0,0.0,0,1,1000.0
ODI0014357,38,2,2000.0,0,0,0.0,38,2,2000.0
ODI0014364,43,2,8000.0,0,0,0.0,43,2,8000.0
ODI0014418,49,3,7000.0,0,0,0.0,49,3,7000.0
ODI0014433,41,2,6000.0,0,0,0.0,41,2,6000.0
ODI0014436,51,3,9000.0,0,0,0.0,51,3,9000.0
ODI0014437,44,2,11000.0,0,0,0.0,44,2,11000.0
ODI0014440,31,1,5000.0,0,0,0.0,31,1,5000.0
ODI0014446,51,2,15000.0,0,0,0.0,51,2,15000.0
ODI0014469,17,2,10000.0,17,1,10000.0,17,3,20000.0
ODI0014479,44,1,10000.0,10,1,2000.0,44,2,12000.0
ODI0014481,44,3,7000.0,0,0,0.0,44,3,7000.0
ODI0014496,34,2,2000.0,0,0,0.0,34,2,2000.0
ODI0014498,51,1,5000.0,0,0,0.0,51,1,5000.0
ODI0014500,38,2,20000.0,0,0,0.0,38,2,20000.0
ODI0014515,17,1,5000.0,0,0,0.0,17,1,5000.0
ODI0014522,49,2,2000.0,0,0,0.0,49,2,2000.0
ODI0014525,49,2,2000.0,45,2,2000.0,49,4,4000.0
ODI0014566,37,2,3000.0,0,0,0.0,37,2,3000.0
ODI0014572,0,0,0.0,7,1,50000.0,7,1,50000.0
ODI0014573,31,2,3000.0,0,0,0.0,31,2,3000.0
ODI0014575,7,1,1000.0,8,1,1000.0,8,2,2000.0
ODI0014584,38,1,5000.0,0,0,0.0,38,1,5000.0
ODI0014589,1,1,1000.0,35,2,2000.0,35,3,3000.0
ODI0014615,8,1,10000.0,0,0,0.0,8,1,10000.0
ODI0014621,35,1,50000.0,0,0,0.0,35,1,50000.0
ODI0014654,11,0,51.840000000000146,0,0,0.0,11,0,51.840000000000146
ODI0014667,50,4,12000.0,0,0,0.0,50,4,12000.0
ODI0014675,31,2,2000.0,0,0,0.0,31,2,2000.0
ODI0014678,0,0,0.0,37,1,1000.0,37,1,1000.0
ODI0014684,49,4,8000.0,0,0,0.0,49,4,8000.0
ODI0014685,50,3,13000.0,0,0,0.0,50,3,13000.0
ODI0014690,50,3,11000.0,0,0,0.0,50,3,11000.0
ODI0014694,38,2,3000.0,0,0,0.0,38,2,3000.0
ODI0014701,38,2,8000.0,0,0,0.0,38,2,8000.0
ODI0014703,49,2,14000.0,27,1,4000.0,49,3,18000.0
ODI0014712,1,1,1000.0,21,1,1000.0,21,2,2000.0
ODI0014730,49,3,12000.0,0,0,0.0,49,3,12000.0
ODI0014739,38,2,2000.0,0,0,0.0,38,2,2000.0
ODI0014741,6,1,5000.0,0,0,0.0,6,1,5000.0
ODI0014746,0,0,0.0,49,2,50000.0,49,2,50000.0
ODI0014747,48,6,14585.330000000002,0,0,0.0,48,6,14585.330000000002
ODI0014765,41,1,50000.0,0,0,0.0,41,1,50000.0
ODI0014773,31,2,2000.0,0,0,0.0,31,2,2000.0
ODI0014791,45,3,7000.0,0,0,0.0,45,3,7000.0
ODI0014803,31,2,6000.0,0,0,0.0,31,2,6000.0
ODI0014816,9,1,1000.0,0,0,0.0,9,1,1000.0
ODI0014828,48,1,3989.54,0,0,0.0,48,1,3989.54
ODI0014838,10,0,-0.4600000000000364,0,0,0.0,10,0,-0.4600000000000364
ODI0014852,48,1,10000.0,0,0,0.0,48,1,10000.0
ODI0014858,37,1,1000.0,44,1,5000.0,44,2,6000.0
ODI0014863,1,1,1000.0,0,0,0.0,1,1,1000.0
ODI0014871,21,2,15000.0,0,0,0.0,21,2,15000.0
ODI0014904,42,5,130000.0,0,0,0.0,42,5,130000.0
ODI0014915,0,0,0.0,36,1,1000.0,36,1,1000.0
ODI0014923,23,1,5000.0,0,0,0.0,23,1,5000.0
ODI0014925,30,1,5000.0,0,0,0.0,30,1,5000.0
ODI0014927,37,2,20000.0,0,0,0.0,37,2,20000.0
ODI0014928,45,2,6000.0,0,0,0.0,45,2,6000.0
ODI0014937,35,2,8000.0,0,0,0.0,35,2,8000.0
ODI0014939,45,4,13000.0,30,1,2000.0,45,5,15000.0
ODI0014948,45,2,2000.0,0,0,0.0,45,2,2000.0
ODI0014987,37,2,60000.0,22,1,30000.0,37,3,90000.0
ODI0014993,6,1,1000.0,8,1,30000.0,8,2,31000.0
ODI0015003,30,2,6000.0,0,0,0.0,30,2,6000.0
ODI0015008,36,2,6000.0,0,0,0.0,36,2,6000.0
ODI0015013,43,2,35000.0,0,0,0.0,43,2,35000.0
ODI0015016,10,2,2000.0,14,1,1000.0,14,3,3000.0
ODI0015044,35,2,110000.0,0,0,0.0,35,2,110000.0
ODI0015051,36,3,35000.0,0,0,0.0,36,3,35000.0
ODI0015062,9,1,2000.0,0,0,0.0,9,1,2000.0
ODI0015066,44,2,2000.0,0,0,0.0,44,2,2000.0
ODI0015098,38,3,3000.0,38,2,2000.0,38,5,5000.0
ODI0015102,34,2,2000.0,0,0,0.0,34,2,2000.0
ODI0015123,38,3,13800.0,0,0,0.0,38,3,13800.0
ODI0015130,45,1,20000.0,0,0,0.0,45,1,20000.0
ODI0015134,1,1,1000.0,0,0,0.0,1,1,1000.0
ODI0015143,1,1,1000.0,0,0,0.0,1,1,1000.0
ODI0015161,17,1,1000.0,0,0,0.0,17,1,1000.0
ODI0015168,45,2,20000.0,43,5,50000.0,45,7,70000.0
ODI0015174,34,2,100000.0,0,0,0.0,34,2,100000.0
ODI0015187,34,2,7000.0,0,0,0.0,34,2,7000.0
ODI0015196,34,1,5000.0,0,0,0.0,34,1,5000.0
ODI0015201,42,7,80000.0,42,3,60000.0,42,10,140000.0
ODI0015206,19,0,388.0399999999936,0,0,0.0,19,0,388.0399999999936
ODI0015208,45,2,20000.0,0,0,0.0,45,2,20000.0
ODI0015222,44,1,10000.0,0,0,0.0,44,1,10000.0
ODI0015223,43,3,7000.0,0,0,0.0,43,3,7000.0
ODI0015224,37,2,6000.0,0,0,0.0,37,2,6000.0
ODI0015230,38,2,2000.0,0,0,0.0,38,2,2000.0
ODI0015234,0,1,5000.0,0,0,0.0,0,1,5000.0
ODI0015239,42,4,73500.0,0,0,0.0,42,4,73500.0
ODI0015240,45,3,8500.0,0,0,0.0,45,3,8500.0
ODI0015249,43,1,5000.0,0,0,0.0,43,1,5000.0
ODI0015250,6,1,1000.0,0,0,0.0,6,1,1000.0
ODI0015256,9,1,1000.0,0,0,0.0,9,1,1000.0
ODI0015269,37,3,7000.0,0,0,0.0,37,3,7000.0
ODI0015271,6,1,5000.0,0,0,0.0,6,1,5000.0
ODI0015274,42,3,25000.0,0,0,0.0,42,3,25000.0
ODI0015304,42,1,5000.0,0,0,0.0,42,1,5000.0
ODI0015312,43,2,20000.0,0,0,0.0,43,2,20000.0
ODI0015332,9,1,1000.0,0,0,0.0,9,1,1000.0
ODI0015335,31,2,6000.0,0,0,0.0,31,2,6000.0
ODI0015338,0,0,0.0,30,1,25000.0,30,1,25000.0
ODI0015352,0,0,0.0,31,1,1000.0,31,1,1000.0
ODI0015357,16,1,1000.0,0,0,0.0,16,1,1000.0
ODI0015362,28,2,105000.0,37,3,20000.0,37,5,125000.0
ODI0015369,43,2,21000.0,0,0,0.0,43,2,21000.0
ODI0015384,43,2,15000.0,0,0,0.0,43,2,15000.0
ODI0015391,41,3,7000.0,0,0,0.0,41,3,7000.0
ODI0015430,35,2,7000.0,0,0,0.0,35,2,7000.0
ODI0015433,44,5,65000.0,41,2,89000.0,44,7,154000.0
ODI0015441,17,3,3000.0,31,1,1000.0,31,4,4000.0
ODI0015457,31,2,3000.0,0,0,0.0,31,2,3000.0
ODI0015458,44,1,5000.0,0,0,0.0,44,1,5000.0
ODI0015459,38,3,40000.0,0,0,0.0,38,3,40000.0
ODI0015460,42,3,12000.0,0,0,0.0,42,3,12000.0
ODI0015469,44,2,5991.3,0,0,0.0,44,2,5991.3
ODI0015479,36,1,1000.0,0,0,0.0,36,1,1000.0
ODI0015480,38,1,1000.0,42,2,20000.0,42,3,21000.0
ODI0015481,8,1,1000.0,0,0,0.0,8,1,1000.0
ODI0015486,38,2,2000.0,0,0,0.0,38,2,2000.0
ODI0015490,17,1,2000.0,0,0,0.0,17,1,2000.0
ODI0015491,44,2,85000.0,0,0,0.0,44,2,85000.0
ODI0015498,0,1,5000.0,0,0,0.0,0,1,5000.0
ODI0015519,42,2,45000.0,0,0,0.0,42,2,45000.0
ODI0015559,44,1,5000.0,0,0,0.0,44,1,5000.0
ODI0015561,8,1,10000.0,0,0,0.0,8,1,10000.0
ODI0015572,38,2,2000.0,0,0,0.0,38,2,2000.0
ODI0015573,44,7,51000.0,42,5,50000.0,44,12,101000.0
ODI0015582,44,2,55000.0,0,0,0.0,44,2,55000.0
ODI0015586,44,1,5000.0,43,1,5000.0,44,2,10000.0
ODI0015592,43,1,5000.0,21,1,1500.0,43,2,6500.0
ODI0015595,43,1,5000.0,0,0,0.0,43,1,5000.0
ODI0015604,28,1,5000.0,0,0,0.0,28,1,5000.0
ODI0015613,41,1,10000.0,0,0,0.0,41,1,10000.0
ODI0015621,0,0,0.0,23,1,94500.0,23,1,94500.0
ODI0015643,42,2,12000.0,0,0,0.0,42,2,12000.0
ODI0015653,43,2,6500.0,0,0,0.0,43,2,6500.0
ODI0015657,37,1,10000.0,0,0,0.0,37,1,10000.0
ODI0015659,38,2,2000.0,0,0,0.0,38,2,2000.0
ODI0015684,9,1,1000.0,0,0,0.0,9,1,1000.0
ODI0015704,42,2,6000.0,0,0,0.0,42,2,6000.0
ODI0015705,38,2,2000.0,0,0,0.0,38,2,2000.0
ODI0015734,41,1,10000.0,41,2,35000.0,41,3,45000.0
ODI0015741,36,1,10000.0,0,0,0.0,36,1,10000.0
ODI0015746,41,3,3500.0,0,0,0.0,41,3,3500.0
ODI0015750,23,2,10000.0,23,1,1000.0,23,3,11000.0
ODI0015751,41,3,15000.0,0,0,0.0,41,3,15000.0
ODI0015763,0,0,0.0,8,2,50000.0,8,2,50000.0
ODI0015765,36,1,998.89,0,0,0.0,36,1,998.89
ODI0015813,23,1,2000.0,0,0,0.0,23,1,2000.0
ODI0015836,9,1,1000.0,0,0,0.0,9,1,1000.0
ODI0015867,9,1,1000.0,0,0,0.0,9,1,1000.0
ODI0015893,31,2,4000.0,0,0,0.0,31,2,4000.0
ODI0015911,37,3,20000.0,10,4,100000.0,37,7,120000.0
ODI0015935,10,0,35.350000000000364,0,0,0.0,10,0,35.350000000000364
ODI0015950,31,2,2000.0,0,0,0.0,31,2,2000.0
ODI0015955,28,1,7000.0,28,1,3000.0,28,2,10000.0
ODI0015958,34,1,5000.0,34,2,2000.0,34,3,7000.0
ODI0015978,30,2,6000.0,0,0,0.0,30,2,6000.0
ODI0015980,31,2,2000.0,0,0,0.0,31,2,2000.0
ODI0015987,36,1,10000.0,0,0,0.0,36,1,10000.0
ODI0015997,21,3,9000.0,0,0,0.0,21,3,9000.0
ODI0015999,35,1,5000.0,0,0,0.0,35,1,5000.0
ODI0016036,31,1,5000.0,0,0,0.0,31,1,5000.0
ODI0016037,0,0,0.0,27,3,60000.0,27,3,60000.0
ODI0016042,35,1,20000.0,0,0,0.0,35,1,20000.0
ODI0016055,35,3,15000.0,0,0,0.0,35,3,15000.0
ODI0016062,31,2,10000.0,31,3,15000.0,31,5,25000.0
ODI0016074,0,0,0.0,34,3,300000.0,34,3,300000.0
ODI0016095,34,2,6000.0,0,0,0.0,34,2,6000.0
ODI0016127,31,2,6000.0,0,0,0.0,31,2,6000.0
ODI0016140,31,1,10000.0,0,0,0.0,31,1,10000.0
ODI0016154,22,1,4000.0,0,0,0.0,22,1,4000.0
ODI0016176,17,1,2000.0,0,0,0.0,17,1,2000.0
ODI0016199,22,1,5000.0,22,1,5000.0,22,2,10000.0
ODI0016212,28,3,40000.0,0,0,0.0,28,3,40000.0
ODI0016238,23,3,25000.0,0,0,0.0,23,3,25000.0
ODI0016240,30,2,5000.0,0,0,0.0,30,2,5000.0
ODI0016252,0,0,0.0,28,1,1000.0,28,1,1000.0
ODI0016269,30,1,5000.0,0,0,0.0,30,1,5000.0
ODI0016280,30,1,10000.0,0,0,0.0,30,1,10000.0
ODI0016337,0,0,0.0,7,1,1500.0,7,1,1500.0
ODI0016368,9,1,1000.0,0,0,0.0,9,1,1000.0
ODI0016379,22,1,100000.0,0,0,0.0,22,1,100000.0
ODI0016403,1,1,1000.0,0,0,0.0,1,1,1000.0
ODI0016415,27,2,55000.0,0,0,0.0,27,2,55000.0
ODI0016422,23,2,6000.0,0,0,0.0,23,2,6000.0
ODI0016425,0,0,0.0,23,2,10000.0,23,2,10000.0
ODI0016438,21,1,5000.0,0,0,0.0,21,1,5000.0
ODI0016443,27,4,16599.99,0,0,0.0,27,4,16599.99
ODI0016444,13,1,1000.0,0,0,0.0,13,1,1000.0
ODI0016478,0,0,0.0,27,1,1000.0,27,1,1000.0
ODI0016489,0,0,0.0,7,1,1500.0,7,1,1500.0
ODI0016543,0,0,0.0,17,1,1000.0,17,1,1000.0
ODI0016559,14,2,7000.0,0,0,0.0,14,2,7000.0
ODI0016576,22,2,10000.0,0,0,0.0,22,2,10000.0
ODI0016611,0,0,0.0,9,1,400000.0,9,1,400000.0
ODI0016648,20,2,2000.0,23,2,2000.0,23,4,4000.0
ODI0016668,0,0,0.0,9,1,5750.0,9,1,5750.0
ODI0016683,0,0,0.0,6,1,5000.0,6,1,5000.0
ODI0016686,21,2,7200.0,0,0,0.0,21,2,7200.0
ODI0016727,17,1,5000.0,17,1,1500.0,17,2,6500.0
ODI0016731,23,2,6000.0,0,0,0.0,23,2,6000.0
ODI0016808,1,1,1000.0,20,1,1000.0,20,2,2000.0
ODI0016818,22,1,5000.0,22,1,5000.0,22,2,10000.0
ODI0016819,8,1,5000.0,0,0,0.0,8,1,5000.0
ODI0016847,23,2,6000.0,23,1,2000.0,23,3,8000.0
ODI0016855,23,2,109000.0,0,0,0.0,23,2,109000.0
ODI0016867,17,1,1000.0,0,0,0.0,17,1,1000.0
ODI0016900,1,1,5000.0,0,0,0.0,1,1,5000.0
ODI0016921,0,0,0.0,17,1,1000.0,17,1,1000.0
ODI0016980,14,2,7000.0,16,1,10000.0,16,3,17000.0
ODI0016989,14,1,5000.0,14,1,1000.0,14,2,6000.0
ODI0017000,7,1,40000.0,14,1,5000.0,14,2,45000.0
ODI0017089,21,2,6000.0,0,0,0.0,21,2,6000.0
ODI0017105,8,0,22.86999999999989,0,0,0.0,8,0,22.86999999999989
ODI0017116,17,1,1000.0,0,0,0.0,17,1,1000.0
ODI0017156,0,0,0.0,21,1,5000.0,21,1,5000.0
ODI0017159,0,0,0.0,20,1,1000.0,20,1,1000.0
ODI0017184,0,0,0.0,13,1,5000.0,13,1,5000.0
ODI0017221,0,0,0.0,13,1,5000.0,13,1,5000.0
ODI0017242,0,0,0.0,17,2,2000.0,17,2,2000.0
ODI0017247,9,1,1000.0,0,0,0.0,9,1,1000.0
ODI0017286,1,1,1000.0,0,0,0.0,1,1,1000.0
ODI0017301,0,1,1000.0,10,1,1000.0,10,2,2000.0
ODI0017306,17,2,7000.0,0,0,0.0,17,2,7000.0
ODI0017331,0,0,0.0,13,1,50000.0,13,1,50000.0
ODI0017358,20,2,10000.0,20,1,5000.0,20,3,15000.0
ODI0017375,8,1,1000.0,0,0,0.0,8,1,1000.0
ODI0017377,10,2,2000.0,16,4,5000.0,16,6,7000.0
ODI0017382,6,1,1000.0,20,2,3000.0,20,3,4000.0
ODI0017408,9,1,1000.0,0,0,0.0,9,1,1000.0
ODI0017410,20,2,10000.0,0,0,0.0,20,2,10000.0
ODI0017531,20,2,10000.0,0,0,0.0,20,2,10000.0
ODI0017588,9,1,1000.0,0,0,0.0,9,1,1000.0
ODI0017609,0,0,0.0,17,1,1000.0,17,1,1000.0
ODI0017666,8,1,1000.0,15,1,1000.0,15,2,2000.0
ODI0017690,0,0,0.0,17,1,30000.0,17,1,30000.0
ODI0017702,0,1,5000.0,0,1,10000.0,0,2,15000.0
ODI0017705,0,0,0.0,13,1,150000.0,13,1,150000.0
ODI0017741,0,0,0.0,14,1,10000.0,14,1,10000.0
ODI0017762,0,0,0.0,16,1,20000.0,16,1,20000.0
ODI0017839,0,0,0.0,17,1,2000.0,17,1,2000.0
ODI0017925,8,1,5000.0,0,0,0.0,8,1,5000.0
ODI0017944,13,2,4000.0,17,2,3000.0,17,4,7000.0
ODI0017966,17,1,5000.0,17,1,2000.0,17,2,7000.0
ODI0017989,1,1,1000.0,0,0,0.0,1,1,1000.0
ODI0017994,9,1,5000.0,0,0,0.0,9,1,5000.0
ODI0018040,0,0,0.0,15,1,30000.0,15,1,30000.0
ODI0018046,14,1,100000.0,14,1,51000.0,14,2,151000.0
ODI0018070,0,0,0.0,14,1,300000.0,14,1,300000.0
ODI0018116,8,2,2000.0,8,1,10000.0,8,3,12000.0
ODI0018276,0,0,0.0,13,1,50000.0,13,1,50000.0
ODI0018278,14,2,7000.0,9,3,10000.0,14,5,17000.0
ODI0018290,1,1,5000.0,6,1,10000.0,6,2,15000.0
ODI0018292,7,1,1000.0,0,0,0.0,7,1,1000.0
ODI0018296,0,0,0.0,9,1,1000.0,9,1,1000.0
ODI0018300,14,2,6000.0,0,0,0.0,14,2,6000.0
ODI0018318,14,2,8000.0,0,0,0.0,14,2,8000.0
ODI0018347,9,1,1000.0,0,0,0.0,9,1,1000.0
ODI0018466,0,0,0.0,10,1,1000.0,10,1,1000.0
ODI0018468,0,0,0.0,10,1,20000.0,10,1,20000.0
ODI0018485,10,1,5000.0,0,0,0.0,10,1,5000.0
ODI0018495,0,0,0.0,9,1,1000.0,9,1,1000.0
ODI0018649,13,2,12000.0,0,0,0.0,13,2,12000.0
ODI0018693,7,1,5000.0,0,0,0.0,7,1,5000.0
ODI0018732,7,1,5000.0,7,1,5000.0,7,2,10000.0
ODI0018804,7,1,5000.0,7,1,5000.0,7,2,10000.0
ODI0018811,0,0,0.0,8,1,1000.0,8,1,1000.0
ODI0018907,7,1,10000.0,0,0,0.0,7,1,10000.0
ODI0018952,0,0,0.0,8,1,3000.0,8,1,3000.0
ODI0019026,6,1,10000.0,0,0,0.0,6,1,10000.0
ODI0019057,7,1,8000.0,7,1,9980.0,7,2,17980.0
ODI0019062,1,1,1000.0,0,0,0.0,1,1,1000.0
ODI0019182,6,1,5000.0,0,0,0.0,6,1,5000.0
ODI0019195,8,1,5000.0,0,0,0.0,8,1,5000.0
ODI0019202,0,0,0.0,7,1,50000.0,7,1,50000.0
ODI0019240,0,0,0.0,8,1,30000.0,8,1,30000.0
ODI0019243,0,0,0.0,8,1,40000.0,8,1,40000.0
ODI0019244,6,1,5000.0,0,0,0.0,6,1,5000.0
ODI0019280,7,2,9000.0,0,0,0.0,7,2,9000.0
ODI0019294,8,2,6000.0,0,0,0.0,8,2,6000.0
ODI0019306,0,0,0.0,7,1,20000.0,7,1,20000.0
ODI0019310,9,1,40000.0,0,0,0.0,9,1,40000.0
ODI0019332,7,1,1000.0,0,0,0.0,7,1,1000.0
ODI0019371,0,0,0.0,8,1,2000.0,8,1,2000.0
ODI0019394,6,1,5000.0,0,0,0.0,6,1,5000.0
ODI0019398,7,1,40000.0,0,0,0.0,7,1,40000.0
ODI0019400,0,0,0.0,8,1,1000.0,8,1,1000.0
ODI0019465,6,1,60000.0,6,1,40000.0,6,2,100000.0
ODI0019472,8,1,10000.0,8,1,10000.0,8,2,20000.0
ODI0019479,7,1,5000.0,0,0,0.0,7,1,5000.0
ODI0019556,6,1,5000.0,0,0,0.0,6,1,5000.0
ODI0019558,0,0,0.0,7,1,50000.0,7,1,50000.0
ODI0019578,6,1,1500.0,0,0,0.0,6,1,1500.0
ODI0019587,6,1,20000.0,0,0,0.0,6,1,20000.0
ODI0019655,6,2,6000.0,0,0,0.0,6,2,6000.0
ODI0019660,0,1,100000.0,0,0,0.0,0,1,100000.0
ODI0019678,6,1,45000.0,0,0,0.0,6,1,45000.0
ODI0019680,0,1,1000.0,0,0,0.0,0,1,1000.0
ODI0019720,6,2,9000.0,0,0,0.0,6,2,9000.0
ODI0019727,6,1,5000.0,0,0,0.0,6,1,5000.0
ODI0019754,6,1,5000.0,0,0,0.0,6,1,5000.0
ODI0019777,6,1,10000.0,0,0,0.0,6,1,10000.0
ODI0019847,0,1,5000.0,0,0,0.0,0,1,5000.0
ODI0019860,0,0,0.0,0,1,1000.0,0,1,1000.0
